time,SlowD,SlowK
2025-10-20 19:55,68.3101,55.0425
2025-10-20 19:50,80.5090,65.4673
2025-10-20 19:45,91.6656,84.4203
2025-10-20 19:40,96.7948,91.6393
2025-10-20 19:35,99.3986,98.9373
2025-10-20 19:30,99.5646,99.8078
2025-10-20 19:25,99.4461,99.4505
2025-10-20 19:20,99.5438,99.4356
2025-10-20 19:15,99.5455,99.4522
2025-10-20 19:10,99.5029,99.7437
2025-10-20 19:05,99.3590,99.4407
2025-10-20 19:00,99.4405,99.3242
2025-10-20 18:55,96.2637,99.3122
2025-10-20 18:50,91.1652,99.6851
2025-10-20 18:45,85.8870,89.7938
2025-10-20 18:40,87.2728,84.0166
2025-10-20 18:35,92.4788,83.8504
2025-10-20 18:30,97.6240,93.9514
2025-10-20 18:25,99.2041,99.6346
2025-10-20 18:20,94.4129,99.2859
2025-10-20 18:15,78.9329,98.6918
2025-10-20 18:10,62.1630,85.2611
2025-10-20 18:05,52.7331,52.8460
2025-10-20 18:00,63.4048,48.3819
2025-10-20 17:55,77.2501,56.9715
2025-10-20 17:50,89.8842,84.8611
2025-10-20 17:45,94.7742,89.9177
2025-10-20 17:40,97.8412,94.8738
2025-10-20 17:35,99.1606,99.5311
2025-10-20 17:30,98.9537,99.1186
2025-10-20 17:25,98.9351,98.8323
2025-10-20 17:20,99.0882,98.9102
2025-10-20 17:15,99.2048,99.0628
2025-10-20 17:10,99.1098,99.2916
2025-10-20 17:05,98.7976,99.2600
2025-10-20 17:00,91.4857,98.7777
2025-10-20 16:55,75.8930,98.3550
2025-10-20 16:50,53.9173,77.3243
2025-10-20 16:45,40.9227,51.9998
2025-10-20 16:40,37.2403,32.4277
2025-10-20 16:35,39.2542,38.3407
2025-10-20 16:30,36.9090,40.9523
2025-10-20 16:25,36.9633,38.4696
2025-10-20 16:20,41.1579,31.3051
2025-10-20 16:15,49.9663,41.1153
2025-10-20 16:10,55.7056,51.0532
2025-10-20 16:05,61.1837,57.7302
2025-10-20 16:00,65.4459,58.3333
2025-10-20 15:55,70.5515,67.4876
2025-10-20 15:50,68.6812,70.5167
2025-10-20 15:45,65.6784,73.6503
2025-10-20 15:40,55.4170,61.8766
2025-10-20 15:35,43.0714,61.5083
2025-10-20 15:30,31.0535,42.8661
2025-10-20 15:25,33.4336,24.8399
2025-10-20 15:20,52.5732,25.4545
2025-10-20 15:15,72.8627,50.0065
2025-10-20 15:10,86.0117,82.2585
2025-10-20 15:05,88.2005,86.3230
2025-10-20 15:00,91.5546,89.4535
2025-10-20 14:55,89.9082,88.8249
2025-10-20 14:50,80.7624,96.3854
2025-10-20 14:45,58.8265,84.5143
2025-10-20 14:40,37.3167,61.3877
2025-10-20 14:35,26.9132,30.5775
2025-10-20 14:30,35.9120,19.9849
2025-10-20 14:25,55.2093,30.1774
2025-10-20 14:20,73.1208,57.5737
2025-10-20 14:15,75.7127,77.8767
2025-10-20 14:10,63.4303,83.9120
2025-10-20 14:05,45.7704,65.3495
2025-10-20 14:00,37.5016,41.0294
2025-10-20 13:55,42.9971,30.9324
2025-10-20 13:50,53.5549,40.5430
2025-10-20 13:45,61.8384,57.5161
2025-10-20 13:40,66.6213,62.6057
2025-10-20 13:35,73.6995,65.3936
2025-10-20 13:30,82.5168,71.8647
2025-10-20 13:25,89.5532,83.8403
2025-10-20 13:20,91.8129,91.8454
2025-10-20 13:15,86.5601,92.9739
2025-10-20 13:10,77.7163,90.6196
2025-10-20 13:05,67.4946,76.0869
2025-10-20 13:00,63.3915,66.4424
2025-10-20 12:55,59.6596,59.9545
2025-10-20 12:50,56.4435,63.7777
2025-10-20 12:45,52.1631,55.2466
2025-10-20 12:40,50.0619,50.3061
2025-10-20 12:35,52.4847,50.9365
2025-10-20 12:30,51.5555,48.9431
2025-10-20 12:25,55.3047,57.5746
2025-10-20 12:20,52.8829,48.1489
2025-10-20 12:15,51.6877,60.1906
2025-10-20 12:10,42.5372,50.3091
2025-10-20 12:05,36.8354,44.5634
2025-10-20 12:00,36.3331,32.7389
2025-10-20 11:55,44.4502,33.2039
2025-10-20 11:50,50.9806,43.0565
2025-10-20 11:45,50.1100,57.0903
2025-10-20 11:40,38.9130,52.7950
2025-10-20 11:35,31.9508,40.4447
2025-10-20 11:30,28.1151,23.4993
2025-10-20 11:25,29.8575,31.9083
2025-10-20 11:20,30.1847,28.9377
2025-10-20 11:15,39.2233,28.7264
2025-10-20 11:10,50.3585,32.8898
2025-10-20 11:05,61.2755,56.0537
2025-10-20 11:00,67.8610,62.1320
2025-10-20 10:55,74.9020,65.6407
2025-10-20 10:50,80.5664,75.8102
2025-10-20 10:45,82.5700,83.2549
2025-10-20 10:40,81.9810,82.6341
2025-10-20 10:35,82.3292,81.8210
2025-10-20 10:30,81.5596,81.4878
2025-10-20 10:25,82.0082,83.6789
2025-10-20 10:20,79.8555,79.5122
2025-10-20 10:15,76.7304,82.8336
2025-10-20 10:10,72.3097,77.2208
2025-10-20 10:05,70.7068,70.1370
2025-10-20 10:00,70.7298,69.5714
2025-10-20 09:55,69.8957,72.4120
2025-10-20 09:50,64.2635,70.2060
2025-10-20 09:45,60.4989,67.0692
2025-10-20 09:40,54.8973,55.5152
2025-10-20 09:35,48.8710,58.9121
2025-10-20 09:30,38.6700,50.2646
2025-10-20 09:25,33.2055,37.4364
2025-10-20 09:20,42.0170,28.3091
2025-10-20 09:15,55.7757,33.8710
2025-10-20 09:10,70.0265,63.8710
2025-10-20 09:05,68.8073,69.5853
2025-10-20 09:00,67.1118,76.6234
2025-10-20 08:55,65.7421,60.2131
2025-10-20 08:50,75.3100,64.4988
2025-10-20 08:45,83.5881,72.5145
2025-10-20 08:40,84.0578,88.9166
2025-10-20 08:35,72.9384,89.3333
2025-10-20 08:30,58.7332,73.9236
2025-10-20 08:25,48.9347,55.5582
2025-10-20 08:20,45.1911,46.7179
2025-10-20 08:15,43.3283,44.5281
2025-10-20 08:10,42.8647,44.3273
2025-10-20 08:05,37.5484,41.1294
2025-10-20 08:00,34.9497,43.1374
2025-10-20 07:55,28.0706,28.3784
2025-10-20 07:50,27.3457,33.3333
2025-10-20 07:45,26.5247,22.5000
2025-10-20 07:40,36.9092,26.2037
2025-10-20 07:35,53.7343,30.8704
2025-10-20 07:30,69.3352,53.6534
2025-10-20 07:25,78.9140,76.6792
2025-10-20 07:20,77.2411,77.6730
2025-10-20 07:15,68.6834,82.3899
2025-10-20 07:10,50.2407,71.6604
2025-10-20 07:05,33.1932,52.0000
2025-10-20 07:00,26.2233,27.0617
2025-10-20 06:55,33.7715,20.5180
2025-10-20 06:50,47.4768,31.0901
2025-10-20 06:45,57.0188,49.7065
2025-10-20 06:40,58.6927,61.6339
2025-10-20 06:35,57.1060,59.7159
2025-10-20 06:30,58.2675,54.7282
2025-10-20 06:25,57.6819,56.8740
2025-10-20 06:20,51.7727,63.2003
2025-10-20 06:15,43.4934,52.9713
2025-10-20 06:10,37.6986,39.1466
2025-10-20 06:05,37.1023,38.3623
2025-10-20 06:00,36.2468,35.5870
2025-10-20 05:55,41.6431,37.3578
2025-10-20 05:50,52.2131,35.7956
2025-10-20 05:45,63.6480,51.7760
2025-10-20 05:40,70.3117,69.0677
2025-10-20 05:35,71.2522,70.1005
2025-10-20 05:30,77.5150,71.7671
2025-10-20 05:25,80.8291,71.8889
2025-10-20 05:20,79.3618,88.8889
2025-10-20 05:15,61.9220,81.7094
2025-10-20 05:10,42.0056,67.4872
2025-10-20 05:05,22.4064,36.5693
2025-10-20 05:00,12.3080,21.9602
2025-10-20 04:55,6.6028,8.6897
2025-10-20 04:50,6.7957,6.2742
2025-10-20 04:45,12.9717,4.8444
2025-10-20 04:40,20.3003,9.2684
2025-10-20 04:35,27.4863,24.8024
2025-10-20 04:30,30.0633,26.8303
2025-10-20 04:25,35.7584,30.8261
2025-10-20 04:20,45.4064,32.5335
2025-10-20 04:15,52.8122,43.9156
2025-10-20 04:10,61.9157,59.7701
2025-10-20 04:05,64.8164,54.7510
2025-10-20 04:00,72.9550,71.2261
2025-10-17 19:55,73.2870,68.4722
2025-10-17 19:50,71.9907,79.1667
2025-10-17 19:45,65.2778,72.2222
2025-10-17 19:40,58.5648,64.5833
2025-10-17 19:35,59.6230,59.0278
2025-10-17 19:30,67.8571,52.0833
2025-10-17 19:25,82.3821,67.7579
2025-10-17 19:20,92.4759,83.7302
2025-10-17 19:15,96.2932,95.6583
2025-10-17 19:10,93.7016,98.0392
2025-10-17 19:05,86.1498,95.1821
2025-10-17 19:00,75.2557,87.8836
2025-10-17 18:55,65.5600,75.3836
2025-10-17 18:50,62.1399,62.5000
2025-10-17 18:45,63.2266,58.7963
2025-10-17 18:40,60.8410,65.1235
2025-10-17 18:35,58.1585,65.7600
2025-10-17 18:30,58.8978,51.6397
2025-10-17 18:25,71.9783,57.0757
2025-10-17 18:20,79.3391,67.9780
2025-10-17 18:15,80.2886,90.8812
2025-10-17 18:10,70.8605,79.1582
2025-10-17 18:05,65.3794,70.8265
2025-10-17 18:00,62.7293,62.5967
2025-10-17 17:55,65.5785,62.7149
2025-10-17 17:50,71.1837,62.8763
2025-10-17 17:45,79.5550,71.1443
2025-10-17 17:40,85.0367,79.5306
2025-10-17 17:35,88.8899,87.9902
2025-10-17 17:30,91.1556,87.5894
2025-10-17 17:25,91.0370,91.0901
2025-10-17 17:20,85.8910,94.7874
2025-10-17 17:15,75.5344,87.2334
2025-10-17 17:10,67.3626,75.6524
2025-10-17 17:05,62.6812,63.7174
2025-10-17 17:00,61.5836,62.7181
2025-10-17 16:55,61.6044,61.6079
2025-10-17 16:50,64.0313,60.4249
2025-10-17 16:45,68.3341,62.7802
2025-10-17 16:40,70.6702,68.8889
2025-10-17 16:35,69.3008,73.3333
2025-10-17 16:30,65.5960,69.7884
2025-10-17 16:25,64.0324,64.7806
2025-10-17 16:20,64.2515,62.2191
2025-10-17 16:15,63.4120,65.0977
2025-10-17 16:10,59.3389,65.4377
2025-10-17 16:05,49.4136,59.7005
2025-10-17 16:00,37.8863,52.8785
2025-10-17 15:55,27.8586,35.6618
2025-10-17 15:50,28.0353,25.1187
2025-10-17 15:45,35.2459,22.7953
2025-10-17 15:40,49.0718,36.1918
2025-10-17 15:35,62.0589,46.7507
2025-10-17 15:30,76.8860,64.2729
2025-10-17 15:25,82.4843,75.1532
2025-10-17 15:20,77.1688,91.2320
2025-10-17 15:15,58.9085,81.0679
2025-10-17 15:10,42.9510,59.2065
2025-10-17 15:05,35.7968,36.4511
2025-10-17 15:00,34.5281,33.1954
2025-10-17 14:55,32.9593,37.7440
2025-10-17 14:50,33.9071,32.6449
2025-10-17 14:45,44.7362,28.4890
2025-10-17 14:40,61.1392,40.5874
2025-10-17 14:35,76.6155,65.1323
2025-10-17 14:30,83.6262,77.6978
2025-10-17 14:25,88.7800,87.0164
2025-10-17 14:20,89.5208,86.1644
2025-10-17 14:15,90.8455,93.1592
2025-10-17 14:10,89.0698,89.2389
2025-10-17 14:05,84.5700,90.1383
2025-10-17 14:00,71.4378,87.8321
2025-10-17 13:55,53.9726,75.7396
2025-10-17 13:50,45.2985,50.7415
2025-10-17 13:45,47.7786,35.4368
2025-10-17 13:40,56.0219,49.7173
2025-10-17 13:35,50.3684,58.1817
2025-10-17 13:30,43.0483,60.1667
2025-10-17 13:25,31.3722,32.7569
2025-10-17 13:20,29.0622,36.2213
2025-10-17 13:15,25.0813,25.1385
2025-10-17 13:10,25.2510,25.8267
2025-10-17 13:05,32.1078,24.2786
2025-10-17 13:00,37.7052,25.6475
2025-10-17 12:55,41.1577,46.3972
2025-10-17 12:50,32.5638,41.0709
2025-10-17 12:45,31.1052,36.0049
2025-10-17 12:40,39.6842,20.6155
2025-10-17 12:35,59.1547,36.6951
2025-10-17 12:30,74.7442,61.7422
2025-10-17 12:25,83.8727,79.0270
2025-10-17 12:20,88.9638,83.4636
2025-10-17 12:15,92.4001,89.1275
2025-10-17 12:10,90.8450,94.3003
2025-10-17 12:05,87.5193,93.7724
2025-10-17 12:00,83.3130,84.4623
2025-10-17 11:55,81.8567,84.3230
2025-10-17 11:50,71.6829,81.1536
2025-10-17 11:45,57.2721,80.0933
2025-10-17 11:40,36.2068,53.8018
2025-10-17 11:35,24.2170,37.9212
2025-10-17 11:30,15.7837,16.8973
2025-10-17 11:25,19.3420,17.8325
2025-10-17 11:20,26.1653,12.6214
2025-10-17 11:15,33.6960,27.5722
2025-10-17 11:10,31.1807,38.3023
2025-10-17 11:05,21.4562,35.2135
2025-10-17 11:00,13.0992,20.0262
2025-10-17 10:55,9.6802,9.1287
2025-10-17 10:50,8.0225,10.1426
2025-10-17 10:45,9.5755,9.7691
2025-10-17 10:40,16.2382,4.1556
2025-10-17 10:35,29.5961,14.8019
2025-10-17 10:30,44.1480,29.7571
2025-10-17 10:25,54.9433,44.2293
2025-10-17 10:20,64.3263,58.4576
2025-10-17 10:15,65.0011,62.1431
2025-10-17 10:10,66.3966,72.3781
2025-10-17 10:05,60.4895,60.4822
2025-10-17 10:00,54.7271,66.3297
2025-10-17 09:55,43.1363,54.6566
2025-10-17 09:50,36.5294,43.1951
2025-10-17 09:45,41.6471,31.5572
2025-10-17 09:40,57.2757,34.8358
2025-10-17 09:35,73.4878,58.5482
2025-10-17 09:30,79.8977,78.4430
2025-10-17 09:25,76.2571,83.4722
2025-10-17 09:20,68.2550,77.7778
2025-10-17 09:15,57.2436,67.5214
2025-10-17 09:10,46.0698,59.4658
2025-10-17 09:05,40.5838,44.7436
2025-10-17 09:00,44.1720,34.0000
2025-10-17 08:55,58.3413,43.0079
2025-10-17 08:50,71.3691,55.5079
2025-10-17 08:45,82.5636,76.5079
2025-10-17 08:40,85.1709,82.0915
2025-10-17 08:35,85.8547,89.0915
2025-10-17 08:30,83.5469,84.3296
2025-10-17 08:25,82.9953,84.1429
2025-10-17 08:20,81.7254,82.1682
2025-10-17 08:15,75.3361,82.6748
2025-10-17 08:10,64.4821,80.3333
2025-10-17 08:05,52.8623,63.0003
2025-10-17 08:00,50.5166,50.1128
2025-10-17 07:55,52.4992,45.4737
2025-10-17 07:50,54.4273,55.9632
2025-10-17 07:45,55.9274,56.0606
2025-10-17 07:40,62.2360,51.2580
2025-10-17 07:35,74.3040,60.4636
2025-10-17 07:30,84.8453,74.9865
2025-10-17 07:25,88.9268,87.4618
2025-10-17 07:20,86.9715,92.0876
2025-10-17 07:15,83.9144,87.2310
2025-10-17 07:10,83.6201,81.5961
2025-10-17 07:05,83.3278,82.9162
2025-10-17 07:00,82.3733,86.3480
2025-10-17 06:55,81.5906,80.7193
2025-10-17 06:50,81.3138,80.0526
2025-10-17 06:45,73.3137,84.0000
2025-10-17 06:40,54.9380,79.8889
2025-10-17 06:35,35.1245,56.0522
2025-10-17 06:30,22.6852,28.8728
2025-10-17 06:25,24.3604,20.4483
2025-10-17 06:20,37.1488,18.7344
2025-10-17 06:15,52.4101,33.8984
2025-10-17 06:10,64.9124,58.8137
2025-10-17 06:05,65.8747,64.5181
2025-10-17 06:00,64.7409,71.4054
2025-10-17 05:55,60.2014,61.7007
2025-10-17 05:50,57.2829,61.1165
2025-10-17 05:45,55.4804,57.7870
2025-10-17 05:40,56.9197,52.9452
2025-10-17 05:35,63.6643,55.7090
2025-10-17 05:30,72.6821,62.1048
2025-10-17 05:25,78.0331,73.1791
2025-10-17 05:20,80.6397,82.7624
2025-10-17 05:15,79.6617,78.1576
2025-10-17 05:10,78.8298,80.9991
2025-10-17 05:05,74.2177,79.8285
2025-10-17 05:00,64.9047,75.6618
2025-10-17 04:55,57.1033,67.1627
2025-10-17 04:50,55.3785,51.8895
2025-10-17 04:45,64.4009,52.2578
2025-10-17 04:40,71.4186,61.9881
2025-10-17 04:35,66.0452,78.9568
2025-10-17 04:30,49.8661,73.3108
2025-10-17 04:25,33.5028,45.8679
2025-10-17 04:20,26.7265,30.4195
2025-10-17 04:15,24.3103,24.2209
2025-10-17 04:10,23.4197,25.5391
2025-10-17 04:05,26.1691,23.1709
2025-10-17 04:00,32.0393,21.5490
2025-10-16 19:55,39.8135,33.7874
2025-10-16 19:50,41.3818,40.7814
2025-10-16 19:45,36.9678,44.8718
2025-10-16 19:40,31.0409,38.4921
2025-10-16 19:35,28.6500,27.5397
2025-10-16 19:30,33.1759,27.0911
2025-10-16 19:25,36.5338,31.3193
2025-10-16 19:20,39.4591,41.1173
2025-10-16 19:15,34.9071,37.1648
2025-10-16 19:10,29.6374,40.0952
2025-10-16 19:05,19.0916,27.4614
2025-10-16 19:00,14.2495,21.3556
2025-10-16 18:55,13.4313,8.4577
2025-10-16 18:50,17.6756,12.9353
2025-10-16 18:45,20.9058,18.9009
2025-10-16 18:40,19.8949,21.1907
2025-10-16 18:35,18.0684,22.6258
2025-10-16 18:30,19.4274,15.8682
2025-10-16 18:25,31.5672,15.7111
2025-10-16 18:20,51.8203,26.7028
2025-10-16 18:15,73.2756,52.2876
2025-10-16 18:10,84.0544,76.4705
2025-10-16 18:05,87.4531,91.0686
2025-10-16 18:00,85.1004,84.6241
2025-10-16 17:55,87.1173,86.6667
2025-10-16 17:50,86.6564,84.0105
2025-10-16 17:45,86.6764,90.6747
2025-10-16 17:40,84.4118,85.2839
2025-10-16 17:35,83.9434,84.0707
2025-10-16 17:30,83.7845,83.8808
2025-10-16 17:25,84.2553,83.8789
2025-10-16 17:20,85.3104,83.5940
2025-10-16 17:15,87.1374,85.2931
2025-10-16 17:10,88.4939,87.0442
2025-10-16 17:05,90.2729,89.0750
2025-10-16 17:00,92.3193,89.3626
2025-10-16 16:55,91.0051,92.3809
2025-10-16 16:50,85.1319,95.2144
2025-10-16 16:45,73.1251,85.4200
2025-10-16 16:40,60.1060,74.7613
2025-10-16 16:35,47.0087,59.1941
2025-10-16 16:30,33.8764,46.3626
2025-10-16 16:25,27.6816,35.4695
2025-10-16 16:20,28.2409,19.7972
2025-10-16 16:15,40.2912,27.7780
2025-10-16 16:10,54.4571,37.1474
2025-10-16 16:05,67.1891,55.9483
2025-10-16 16:00,73.6383,70.2757
2025-10-16 15:55,70.3893,75.3433
2025-10-16 15:50,58.4305,75.2960
2025-10-16 15:45,43.7461,60.5287
2025-10-16 15:40,33.4365,39.4668
2025-10-16 15:35,29.2901,31.2427
2025-10-16 15:30,25.2850,29.6000
2025-10-16 15:25,19.9346,27.0275
2025-10-16 15:20,18.0630,19.2276
2025-10-16 15:15,21.4315,13.5488
2025-10-16 15:10,27.8243,21.4126
2025-10-16 15:05,36.7149,29.3332
2025-10-16 15:00,49.5572,32.7271
2025-10-16 14:55,62.2696,48.0844
2025-10-16 14:50,62.2567,67.8601
2025-10-16 14:45,45.3871,70.8644
2025-10-16 14:40,25.8039,48.0457
2025-10-16 14:35,13.7425,17.2512
2025-10-16 14:30,13.0123,12.1149
2025-10-16 14:25,12.1433,11.8614
2025-10-16 14:20,11.0427,15.0606
2025-10-16 14:15,10.4651,9.5080
2025-10-16 14:10,11.2945,8.5595
2025-10-16 14:05,12.4328,13.3277
2025-10-16 14:00,10.2602,11.9964
2025-10-16 13:55,12.0287,11.9742
2025-10-16 13:50,19.4855,6.8101
2025-10-16 13:45,34.8427,17.3017
2025-10-16 13:40,45.8071,34.3446
2025-10-16 13:35,53.6251,52.8816
2025-10-16 13:30,52.2807,50.1950
2025-10-16 13:25,57.2756,57.7987
2025-10-16 13:20,59.7350,48.8485
2025-10-16 13:15,71.2893,65.1796
2025-10-16 13:10,76.6732,65.1768
2025-10-16 13:05,78.6071,83.5115
2025-10-16 13:00,67.2373,81.3313
2025-10-16 12:55,51.6952,70.9785
2025-10-16 12:50,35.4341,49.4021
2025-10-16 12:45,23.5505,34.7050
2025-10-16 12:40,16.0269,22.1953
2025-10-16 12:35,12.8108,13.7513
2025-10-16 12:30,19.2147,12.1340
2025-10-16 12:25,29.1431,12.5471
2025-10-16 12:20,42.7628,32.9630
2025-10-16 12:15,47.3379,41.9192
2025-10-16 12:10,47.5427,53.4064
2025-10-16 12:05,41.4327,46.6880
2025-10-16 12:00,34.3876,42.5337
2025-10-16 11:55,27.9825,35.0765
2025-10-16 11:50,26.1213,25.5526
2025-10-16 11:45,27.5576,23.3184
2025-10-16 11:40,29.1251,29.4927
2025-10-16 11:35,32.5908,29.8617
2025-10-16 11:30,39.8581,28.0208
2025-10-16 11:25,47.2833,39.8897
2025-10-16 11:20,44.4552,51.6636
2025-10-16 11:15,32.3815,50.2966
2025-10-16 11:10,21.2584,31.4053
2025-10-16 11:05,21.3287,15.4428
2025-10-16 11:00,36.2484,16.9272
2025-10-16 10:55,55.8188,31.6160
2025-10-16 10:50,71.8505,60.2020
2025-10-16 10:45,72.0382,75.6384
2025-10-16 10:40,64.5779,79.7112
2025-10-16 10:35,52.3627,60.7651
2025-10-16 10:30,45.9357,53.2573
2025-10-16 10:25,37.9747,43.0657
2025-10-16 10:20,37.5641,41.4842
2025-10-16 10:15,42.3582,29.3742
2025-10-16 10:10,59.8021,41.8340
2025-10-16 10:05,74.5018,55.8665
2025-10-16 10:00,86.7602,81.7058
2025-10-16 09:55,90.6563,85.9333
2025-10-16 09:50,91.8586,92.6416
2025-10-16 09:45,80.7826,93.3941
2025-10-16 09:40,62.1518,89.5401
2025-10-16 09:35,40.4070,59.4136
2025-10-16 09:30,30.8710,37.5018
2025-10-16 09:25,30.1667,24.3056
2025-10-16 09:20,31.9452,30.8056
2025-10-16 09:15,35.3849,35.3889
2025-10-16 09:10,41.6488,29.6410
2025-10-16 09:05,55.4020,41.1249
2025-10-16 09:00,69.9321,54.1805
2025-10-16 08:55,81.8404,70.9005
2025-10-16 08:50,90.7216,84.7153
2025-10-16 08:45,88.7183,89.9053
2025-10-16 08:40,80.8807,97.5442
2025-10-16 08:35,65.0941,78.7054
2025-10-16 08:30,56.7561,66.3925
2025-10-16 08:25,51.9616,50.1845
2025-10-16 08:20,52.7737,53.6911
2025-10-16 08:15,57.2985,52.0092
2025-10-16 08:10,63.5933,52.6208
2025-10-16 08:05,69.1591,67.2655
2025-10-16 08:00,61.5521,70.8936
2025-10-16 07:55,47.3485,69.3182
2025-10-16 07:50,31.5750,44.4444
2025-10-16 07:45,31.7359,28.2828
2025-10-16 07:40,46.7116,21.9978
2025-10-16 07:35,70.0860,44.9270
2025-10-16 07:30,81.1508,73.2099
2025-10-16 07:25,77.4381,92.1212
2025-10-16 07:20,61.6352,78.1212
2025-10-16 07:15,48.5473,62.0718
2025-10-16 07:10,38.5200,44.7125
2025-10-16 07:05,35.0994,38.8574
2025-10-16 07:00,32.7884,31.9902
2025-10-16 06:55,35.4672,34.4505
2025-10-16 06:50,39.6921,31.9246
2025-10-16 06:45,48.5685,40.0265
2025-10-16 06:40,56.8254,47.1252
2025-10-16 06:35,59.5297,58.5538
2025-10-16 06:30,61.7975,64.7972
2025-10-16 06:25,63.4524,55.2381
2025-10-16 06:20,72.6142,65.3571
2025-10-16 06:15,79.7919,69.7619
2025-10-16 06:10,85.4657,82.7236
2025-10-16 06:05,87.8057,86.8902
2025-10-16 06:00,82.5553,86.7834
2025-10-16 05:55,70.2379,89.7436
2025-10-16 05:50,54.4835,71.1389
2025-10-16 05:45,48.5397,49.8310
2025-10-16 05:40,51.1550,42.4806
2025-10-16 05:35,55.6143,53.3075
2025-10-16 05:30,52.8350,57.6768
2025-10-16 05:25,46.4913,55.8586
2025-10-16 05:20,37.9188,44.9697
2025-10-16 05:15,32.7466,38.6456
2025-10-16 05:10,32.9788,30.1412
2025-10-16 05:05,40.3363,29.4530
2025-10-16 05:00,45.4860,39.3422
2025-10-16 04:55,46.5549,52.2138
2025-10-16 04:50,43.0634,44.9020
2025-10-16 04:45,43.1685,42.5490
2025-10-16 04:40,49.6135,41.7391
2025-10-16 04:35,59.1450,45.2174
2025-10-16 04:30,74.7175,61.8841
2025-10-16 04:25,83.5174,70.3336
2025-10-16 04:20,88.5825,91.9347
2025-10-16 04:15,83.7083,88.2839
2025-10-16 04:10,77.8040,85.5289
2025-10-16 04:05,69.2290,77.3122
2025-10-16 04:00,62.5673,70.5709
2025-10-15 19:55,60.8760,59.8039
2025-10-15 19:50,62.2182,57.3271
2025-10-15 19:45,62.9240,65.4971
2025-10-15 19:40,57.2027,63.8304
2025-10-15 19:35,48.7037,59.4444
2025-10-15 19:30,41.6667,48.3333
2025-10-15 19:25,41.3636,38.3333
2025-10-15 19:20,53.8384,38.3333
2025-10-15 19:15,71.8687,47.4242
2025-10-15 19:10,84.6320,75.7576
2025-10-15 19:05,86.7813,92.4242
2025-10-15 19:00,79.5557,85.7143
2025-10-15 18:55,78.6341,82.2055
2025-10-15 18:50,76.0834,70.7472
2025-10-15 18:45,78.9495,82.9496
2025-10-15 18:40,78.1141,74.5536
2025-10-15 18:35,81.0014,79.3452
2025-10-15 18:30,83.5037,80.4433
2025-10-15 18:25,84.4532,83.2157
2025-10-15 18:20,84.2399,86.8521
2025-10-15 18:15,78.2690,83.2918
2025-10-15 18:10,68.3333,82.5758
2025-10-15 18:05,58.7446,68.9394
2025-10-15 18:00,57.7407,53.4848
2025-10-15 17:55,66.7031,53.8095
2025-10-15 17:50,78.5158,65.9277
2025-10-15 17:45,87.5646,80.3722
2025-10-15 17:40,92.4826,89.2476
2025-10-15 17:35,93.4305,93.0739
2025-10-15 17:30,92.2425,95.1261
2025-10-15 17:25,90.4769,92.0915
2025-10-15 17:20,89.8710,89.5099
2025-10-15 17:15,91.1385,89.8293
2025-10-15 17:10,93.2501,90.2739
2025-10-15 17:05,96.1679,93.3121
2025-10-15 17:00,98.0137,96.1642
2025-10-15 16:55,96.6757,99.0274
2025-10-15 16:50,87.6731,98.8495
2025-10-15 16:45,74.8036,92.1501
2025-10-15 16:40,65.0009,72.0198
2025-10-15 16:35,67.9427,60.2410
2025-10-15 16:30,78.1831,62.7420
2025-10-15 16:25,88.7884,80.8451
2025-10-15 16:20,93.3294,90.9622
2025-10-15 16:15,94.9608,94.5579
2025-10-15 16:10,87.8340,94.4681
2025-10-15 16:05,78.5210,95.8564
2025-10-15 16:00,67.1560,73.1775
2025-10-15 15:55,60.8622,66.5290
2025-10-15 15:50,58.9543,61.7614
2025-10-15 15:45,59.0850,54.2962
2025-10-15 15:40,71.0094,60.8053
2025-10-15 15:35,80.7490,62.1536
2025-10-15 15:30,84.7187,90.0692
2025-10-15 15:25,70.4728,90.0243
2025-10-15 15:20,51.4601,74.0625
2025-10-15 15:15,39.5029,47.3314
2025-10-15 15:10,45.8421,32.9865
2025-10-15 15:05,57.8388,38.1909
2025-10-15 15:00,69.1510,66.3490
2025-10-15 14:55,68.1205,68.9763
2025-10-15 14:50,70.3696,72.1275
2025-10-15 14:45,71.9551,63.2576
2025-10-15 14:40,77.2549,75.7237
2025-10-15 14:35,77.2219,76.8841
2025-10-15 14:30,79.5359,79.1568
2025-10-15 14:25,81.1325,75.6249
2025-10-15 14:20,79.4344,83.8259
2025-10-15 14:15,74.7511,83.9467
2025-10-15 14:10,72.1759,70.5305
2025-10-15 14:05,79.2646,69.7761
2025-10-15 14:00,86.4277,76.2210
2025-10-15 13:55,91.5486,91.7967
2025-10-15 13:50,90.9556,91.2653
2025-10-15 13:45,87.0097,91.5837
2025-10-15 13:40,77.1444,90.0179
2025-10-15 13:35,61.5914,79.4275
2025-10-15 13:30,43.3394,61.9879
2025-10-15 13:25,27.5902,43.3587
2025-10-15 13:20,15.3189,24.6715
2025-10-15 13:15,13.5120,14.7403
2025-10-15 13:10,13.7756,6.5447
2025-10-15 13:05,17.1281,19.2509
2025-10-15 13:00,13.4078,15.5313
2025-10-15 12:55,15.0893,16.6021
2025-10-15 12:50,19.0261,8.0902
2025-10-15 12:45,31.7281,20.5756
2025-10-15 12:40,44.4648,28.4125
2025-10-15 12:35,58.7526,46.1961
2025-10-15 12:30,68.4590,58.7859
2025-10-15 12:25,76.3972,71.2758
2025-10-15 12:20,80.4287,75.3152
2025-10-15 12:15,80.0355,82.6007
2025-10-15 12:10,69.2691,83.3703
2025-10-15 12:05,50.7754,74.1356
2025-10-15 12:00,31.0249,50.3014
2025-10-15 11:55,20.2790,27.8891
2025-10-15 11:50,17.5670,14.8840
2025-10-15 11:45,17.8728,18.0639
2025-10-15 11:40,15.2509,19.7531
2025-10-15 11:35,12.8570,15.8015
2025-10-15 11:30,16.2105,10.1980
2025-10-15 11:25,23.3475,12.5714
2025-10-15 11:20,30.9000,25.8621
2025-10-15 11:15,40.2797,31.6092
2025-10-15 11:10,54.1742,35.2286
2025-10-15 11:05,72.2148,54.0014
2025-10-15 11:00,79.0998,73.2924
2025-10-15 10:55,72.8090,89.3505
2025-10-15 10:50,54.6669,74.6563
2025-10-15 10:45,36.6725,54.4203
2025-10-15 10:40,27.7642,34.9240
2025-10-15 10:35,30.6248,20.6731
2025-10-15 10:30,45.4452,27.6955
2025-10-15 10:25,59.2235,43.5058
2025-10-15 10:20,66.8122,65.1343
2025-10-15 10:15,64.2011,69.0305
2025-10-15 10:10,59.9741,66.2718
2025-10-15 10:05,54.6007,57.3010
2025-10-15 10:00,52.5639,56.3496
2025-10-15 09:55,48.9591,50.1516
2025-10-15 09:50,46.0208,51.1904
2025-10-15 09:45,37.4800,45.5353
2025-10-15 09:40,34.0587,41.3366
2025-10-15 09:35,38.6050,25.5680
2025-10-15 09:30,54.6537,35.2714
2025-10-15 09:25,65.2855,54.9755
2025-10-15 09:20,69.3492,73.7143
2025-10-15 09:15,69.3889,67.1667
2025-10-15 09:10,71.2540,67.1667
2025-10-15 09:05,68.8651,73.8333
2025-10-15 09:00,56.9206,72.7619
2025-10-15 08:55,40.4127,60.0000
2025-10-15 08:50,27.5991,38.0000
2025-10-15 08:45,29.4639,23.2381
2025-10-15 08:40,45.2515,21.5593
2025-10-15 08:35,68.0767,43.5942
2025-10-15 08:30,84.5884,70.6010
2025-10-15 08:25,90.7373,90.0349
2025-10-15 08:20,88.0952,93.1293
2025-10-15 08:15,78.7044,89.0476
2025-10-15 08:10,70.1083,82.1088
2025-10-15 08:05,62.7427,64.9566
2025-10-15 08:00,66.9495,63.2595
2025-10-15 07:55,69.5176,60.0121
2025-10-15 07:50,70.2668,77.5768
2025-10-15 07:45,60.4250,70.9641
2025-10-15 07:40,51.6478,62.2596
2025-10-15 07:35,43.5965,48.0513
2025-10-15 07:30,35.5829,44.6325
2025-10-15 07:25,25.1727,38.1057
2025-10-15 07:20,19.8261,24.0104
2025-10-15 07:15,26.8762,13.4021
2025-10-15 07:10,45.2721,22.0656
2025-10-15 07:05,65.3287,45.1609
2025-10-15 07:00,78.8186,68.5897
2025-10-15 06:55,78.4124,82.2355
2025-10-15 06:50,66.4198,85.6305
2025-10-15 06:45,50.2633,67.3710
2025-10-15 06:40,38.3326,46.2579
2025-10-15 06:35,30.9272,37.1611
2025-10-15 06:30,27.1920,31.5789
2025-10-15 06:25,30.6839,24.0416
2025-10-15 06:20,44.6100,25.9555
2025-10-15 06:15,58.6052,42.0545
2025-10-15 06:10,71.8093,65.8200
2025-10-15 06:05,77.9369,67.9412
2025-10-15 06:00,80.4686,81.6667
2025-10-15 05:55,71.2029,84.2029
2025-10-15 05:50,56.3575,75.5362
2025-10-15 05:45,41.4352,53.8696
2025-10-15 05:40,30.0987,39.6667
2025-10-15 05:35,21.3248,30.7692
2025-10-15 05:30,15.3613,19.8601
2025-10-15 05:25,15.3069,13.3450
2025-10-15 05:20,24.2158,12.8788
2025-10-15 05:15,38.3501,19.6970
2025-10-15 05:10,51.8016,40.0718
2025-10-15 05:05,51.8663,55.2816
2025-10-15 05:00,47.5170,60.0515
2025-10-15 04:55,45.7959,40.2659
2025-10-15 04:50,56.5341,42.2337
2025-10-15 04:45,68.3821,54.8880
2025-10-15 04:40,77.9818,72.4806
2025-10-15 04:35,82.4747,77.7778
2025-10-15 04:30,85.0337,83.6869
2025-10-15 04:25,84.7138,85.9596
2025-10-15 04:20,84.6465,85.4545
2025-10-15 04:15,75.6599,82.7273
2025-10-15 04:10,64.6700,85.7576
2025-10-15 04:05,49.2942,58.4949
2025-10-15 04:00,49.7276,49.7576
2025-10-14 19:55,50.8976,39.6300
2025-10-14 19:50,52.6689,59.7953
2025-10-14 19:45,50.3267,53.2675
2025-10-14 19:40,56.7437,44.9440
2025-10-14 19:35,72.3020,52.7685
2025-10-14 19:30,83.8201,72.5185
2025-10-14 19:25,86.1993,91.6190
2025-10-14 19:20,80.2275,87.3228
2025-10-14 19:15,70.2557,79.6561
2025-10-14 19:10,60.9389,73.7037
2025-10-14 19:05,51.0234,57.4074
2025-10-14 19:00,51.7706,51.7057
2025-10-14 18:55,53.6267,43.9571
2025-10-14 18:50,57.3805,59.6491
2025-10-14 18:45,55.0666,57.2740
2025-10-14 18:40,53.1322,55.2186
2025-10-14 18:35,51.3927,52.7074
2025-10-14 18:30,53.6875,51.4706
2025-10-14 18:25,61.2669,50.0000
2025-10-14 18:20,75.3307,59.5919
2025-10-14 18:15,85.4705,74.2087
2025-10-14 18:10,86.5029,92.1915
2025-10-14 18:05,77.2524,90.0114
2025-10-14 18:00,65.6501,77.3059
2025-10-14 17:55,58.7410,64.4399
2025-10-14 17:50,56.1250,55.2045
2025-10-14 17:45,56.6752,56.5787
2025-10-14 17:40,56.8432,56.5917
2025-10-14 17:35,57.0898,56.8552
2025-10-14 17:30,57.1852,57.0826
2025-10-14 17:25,57.1223,57.3316
2025-10-14 17:20,56.9257,57.1413
2025-10-14 17:15,51.0582,56.8940
2025-10-14 17:10,50.0669,56.7419
2025-10-14 17:05,50.7455,39.5387
2025-10-14 17:00,65.6838,53.9201
2025-10-14 16:55,73.5492,58.7776
2025-10-14 16:50,76.8922,84.3537
2025-10-14 16:45,66.4490,77.5161
2025-10-14 16:40,49.4532,68.8066
2025-10-14 16:35,34.2567,53.0243
2025-10-14 16:30,25.6477,26.5286
2025-10-14 16:25,31.5795,23.2172
2025-10-14 16:20,43.6510,27.1974
2025-10-14 16:15,55.9133,44.3239
2025-10-14 16:10,60.6856,59.4318
2025-10-14 16:05,53.3826,63.9842
2025-10-14 16:00,38.7769,58.6407
2025-10-14 15:55,26.7402,37.5229
2025-10-14 15:50,19.9846,20.1670
2025-10-14 15:45,22.5635,22.5309
2025-10-14 15:40,30.4790,17.2560
2025-10-14 15:35,48.2387,27.9037
2025-10-14 15:30,62.9919,46.2772
2025-10-14 15:25,66.9366,70.5352
2025-10-14 15:20,63.6264,72.1632
2025-10-14 15:15,63.7258,58.1113
2025-10-14 15:10,71.0282,60.6047
2025-10-14 15:05,75.8049,72.4614
2025-10-14 15:00,72.8005,80.0184
2025-10-14 14:55,61.3791,74.9347
2025-10-14 14:50,48.4731,63.4484
2025-10-14 14:45,44.5899,45.7541
2025-10-14 14:40,54.6938,36.2169
2025-10-14 14:35,70.7612,51.7988
2025-10-14 14:30,76.4304,76.0658
2025-10-14 14:25,64.9067,84.4190
2025-10-14 14:20,45.2048,68.8064
2025-10-14 14:15,26.2684,41.4947
2025-10-14 14:10,15.6924,25.3132
2025-10-14 14:05,9.0866,11.9973
2025-10-14 14:00,7.4043,9.7665
2025-10-14 13:55,7.4282,5.4960
2025-10-14 13:50,10.1246,6.9504
2025-10-14 13:45,21.5002,9.8380
2025-10-14 13:40,36.9565,13.5854
2025-10-14 13:35,52.4449,41.0773
2025-10-14 13:30,49.6142,56.2069
2025-10-14 13:25,37.4503,60.0506
2025-10-14 13:20,26.2608,32.5850
2025-10-14 13:15,26.8018,19.7153
2025-10-14 13:10,38.7587,26.4822
2025-10-14 13:05,53.8062,34.2079
2025-10-14 13:00,71.9575,55.5861
2025-10-14 12:55,80.9000,71.6247
2025-10-14 12:50,84.3511,88.6617
2025-10-14 12:45,82.3197,82.4137
2025-10-14 12:40,82.2565,81.9779
2025-10-14 12:35,83.0825,82.5674
2025-10-14 12:30,81.7302,82.2242
2025-10-14 12:25,74.7282,84.4560
2025-10-14 12:20,61.5879,78.5104
2025-10-14 12:15,50.5124,61.2183
2025-10-14 12:10,53.1112,45.0350
2025-10-14 12:05,66.0989,45.2840
2025-10-14 12:00,81.6540,69.0145
2025-10-14 11:55,87.5272,83.9982
2025-10-14 11:50,88.1844,91.9492
2025-10-14 11:45,78.0994,86.6341
2025-10-14 11:40,69.1195,85.9697
2025-10-14 11:35,57.2116,61.6944
2025-10-14 11:30,59.7519,59.6944
2025-10-14 11:25,64.1076,50.2461
2025-10-14 11:20,75.0567,69.3153
2025-10-14 11:15,77.2541,72.7614
2025-10-14 11:10,76.2842,83.0932
2025-10-14 11:05,63.5336,75.9077
2025-10-14 11:00,53.6338,69.8516
2025-10-14 10:55,48.9300,44.8415
2025-10-14 10:50,60.9539,46.2081
2025-10-14 10:45,75.5502,55.7402
2025-10-14 10:40,87.8616,80.9132
2025-10-14 10:35,91.3744,89.9971
2025-10-14 10:30,92.0489,92.6745
2025-10-14 10:25,91.6920,91.4517
2025-10-14 10:20,92.3170,92.0206
2025-10-14 10:15,92.3137,91.6037
2025-10-14 10:10,90.7049,93.3265
2025-10-14 10:05,82.5984,92.0108
2025-10-14 10:00,67.5221,86.7773
2025-10-14 09:55,47.9394,69.0071
2025-10-14 09:50,31.9530,46.7820
2025-10-14 09:45,24.4349,28.0292
2025-10-14 09:40,21.1768,21.0477
2025-10-14 09:35,17.8330,24.2279
2025-10-14 09:30,10.5930,18.2549
2025-10-14 09:25,5.3202,11.0162
2025-10-14 09:20,2.6085,2.5079
2025-10-14 09:15,3.8084,2.4365
2025-10-14 09:10,6.3778,2.8811
2025-10-14 09:05,9.6157,6.1074
2025-10-14 09:00,10.7680,10.1450
2025-10-14 08:55,10.2618,12.5947
2025-10-14 08:50,10.2383,9.5644
2025-10-14 08:45,19.2426,8.6264
2025-10-14 08:40,31.3817,12.5242
2025-10-14 08:35,44.1783,36.5772
2025-10-14 08:30,45.3312,45.0437
2025-10-14 08:25,43.1601,50.9140
2025-10-14 08:20,39.1637,40.0358
2025-10-14 08:15,43.5388,38.5305
2025-10-14 08:10,54.5337,38.9247
2025-10-14 08:05,65.7143,53.1611
2025-10-14 08:00,66.8426,71.5153
2025-10-14 07:55,57.8152,72.4664
2025-10-14 07:50,50.0368,56.5460
2025-10-14 07:45,51.7981,44.4332
2025-10-14 07:40,62.4995,49.1311
2025-10-14 07:35,74.4715,61.8299
2025-10-14 07:30,83.9601,76.5374
2025-10-14 07:25,86.1718,85.0471
2025-10-14 07:20,83.5246,90.2959
2025-10-14 07:15,73.2288,83.1723
2025-10-14 07:10,60.7350,77.1056
2025-10-14 07:05,44.0542,59.4083
2025-10-14 07:00,29.3547,45.6909
2025-10-14 06:55,15.8550,27.0635
2025-10-14 06:50,8.1326,15.3099
2025-10-14 06:45,4.8103,5.1915
2025-10-14 06:40,9.6304,3.8965
2025-10-14 06:35,17.5594,5.3428
2025-10-14 06:30,27.5718,19.6520
2025-10-14 06:25,31.4821,27.6834
2025-10-14 06:20,31.0398,35.3799
2025-10-14 06:15,26.3189,31.3828
2025-10-14 06:10,22.8739,26.3566
2025-10-14 06:05,26.4983,21.2173
2025-10-14 06:00,37.4815,21.0478
2025-10-14 05:55,48.5211,37.2299
2025-10-14 05:50,50.6944,54.1667
2025-10-14 05:45,42.9861,54.1667
2025-10-14 05:40,36.7361,43.7500
2025-10-14 05:35,35.7639,31.0417
2025-10-14 05:30,40.1868,35.4167
2025-10-14 05:25,40.9039,40.8333
2025-10-14 05:20,38.0730,44.3103
2025-10-14 05:15,33.3407,37.5679
2025-10-14 05:10,31.9923,32.3406
2025-10-14 05:05,30.4714,30.1136
2025-10-14 05:00,34.3013,33.5227
2025-10-14 04:55,42.2877,27.7778
2025-10-14 04:50,60.1129,41.6035
2025-10-14 04:45,74.3273,57.4819
2025-10-14 04:40,79.7992,81.2533
2025-10-14 04:35,71.1922,84.2466
2025-10-14 04:30,54.6110,73.8976
2025-10-14 04:25,36.7567,55.4324
2025-10-14 04:20,22.3547,34.5030
2025-10-14 04:15,23.9382,20.3346
2025-10-14 04:10,35.2075,12.2265
2025-10-14 04:05,55.3897,39.2535
2025-10-14 04:00,55.9808,54.1425
2025-10-13 19:55,49.4525,72.7730
2025-10-13 19:50,33.3890,41.0270
2025-10-13 19:45,31.7434,34.5577
2025-10-13 19:40,33.3194,24.5823
2025-10-13 19:35,39.8079,36.0902
2025-10-13 19:30,38.0952,39.2857
2025-10-13 19:25,41.2698,44.0476
2025-10-13 19:20,46.4286,30.9524
2025-10-13 19:15,66.6190,48.8095
2025-10-13 19:10,79.5238,59.5238
2025-10-13 19:05,91.2381,91.5238
2025-10-13 19:00,88.4974,87.5238
2025-10-13 18:55,81.7566,94.6667
2025-10-13 18:50,69.5238,83.3016
2025-10-13 18:45,62.6455,67.3016
2025-10-13 18:40,61.1828,57.9683
2025-10-13 18:35,61.0041,62.6667
2025-10-13 18:30,51.9844,62.9136
2025-10-13 18:25,41.8910,57.4321
2025-10-13 18:20,29.9469,35.6075
2025-10-13 18:15,29.3990,32.6334
2025-10-13 18:10,32.4800,21.5997
2025-10-13 18:05,46.2678,33.9639
2025-10-13 18:00,60.8995,41.8764
2025-10-13 17:55,73.3876,62.9630
2025-10-13 17:50,80.3868,77.8592
2025-10-13 17:45,83.2281,79.3407
2025-10-13 17:40,89.8756,83.9607
2025-10-13 17:35,94.8614,86.3829
2025-10-13 17:30,98.9056,99.2833
2025-10-13 17:25,98.6415,98.9180
2025-10-13 17:20,98.5074,98.5156
2025-10-13 17:15,87.5777,98.4909
2025-10-13 17:10,66.2675,98.5156
2025-10-13 17:05,34.3355,65.7266
2025-10-13 17:00,15.3533,34.5603
2025-10-13 16:55,13.2536,2.7195
2025-10-13 16:50,27.5774,8.7801
2025-10-13 16:45,44.9788,28.2612
2025-10-13 16:40,52.7611,45.6908
2025-10-13 16:35,50.7179,60.9844
2025-10-13 16:30,38.0461,51.6082
2025-10-13 16:25,26.7261,39.5612
2025-10-13 16:20,17.5952,22.9689
2025-10-13 16:15,13.4745,17.6481
2025-10-13 16:10,16.9161,12.1687
2025-10-13 16:05,26.8575,10.6067
2025-10-13 16:00,43.0299,27.9729
2025-10-13 15:55,55.2292,41.9930
2025-10-13 15:50,67.9778,59.1240
2025-10-13 15:45,78.1155,64.5708
2025-10-13 15:40,84.6296,80.2385
2025-10-13 15:35,77.8672,89.5372
2025-10-13 15:30,61.2973,84.1131
2025-10-13 15:25,42.4825,59.9514
2025-10-13 15:20,29.9530,39.8275
2025-10-13 15:15,23.8614,27.6688
2025-10-13 15:10,19.7005,22.3627
2025-10-13 15:05,18.7163,21.5527
2025-10-13 15:00,18.5223,15.1861
2025-10-13 14:55,20.1777,19.4099
2025-10-13 14:50,25.0984,20.9707
2025-10-13 14:45,36.0547,20.1525
2025-10-13 14:40,55.1713,34.1719
2025-10-13 14:35,70.7503,53.8398
2025-10-13 14:30,79.3624,77.5021
2025-10-13 14:25,81.0152,80.9090
2025-10-13 14:20,82.2707,79.6761
2025-10-13 14:15,84.5583,82.4605
2025-10-13 14:10,83.2836,84.6756
2025-10-13 14:05,75.3407,86.5390
2025-10-13 14:00,57.2062,78.6362
2025-10-13 13:55,39.1249,60.8468
2025-10-13 13:50,27.0148,32.1356
2025-10-13 13:45,27.1591,24.3922
2025-10-13 13:40,25.9921,24.5164
2025-10-13 13:35,22.7886,32.5686
2025-10-13 13:30,13.9757,20.8913
2025-10-13 13:25,14.4705,14.9059
2025-10-13 13:20,25.3921,6.1301
2025-10-13 13:15,49.2626,22.3754
2025-10-13 13:10,68.4895,47.6710
2025-10-13 13:05,74.8016,77.7414
2025-10-13 13:00,63.3467,80.0562
2025-10-13 12:55,48.9716,66.6071
2025-10-13 12:50,43.6072,43.3769
2025-10-13 12:45,46.9878,36.9308
2025-10-13 12:40,53.5317,50.5139
2025-10-13 12:35,50.8775,53.5186
2025-10-13 12:30,49.9452,56.5627
2025-10-13 12:25,51.2689,42.5510
2025-10-13 12:20,61.3899,50.7219
2025-10-13 12:15,72.5097,60.5338
2025-10-13 12:10,79.4397,72.9140
2025-10-13 12:05,83.3447,84.0813
2025-10-13 12:00,79.3842,81.3239
2025-10-13 11:55,76.7948,84.6290
2025-10-13 11:50,73.7374,72.1996
2025-10-13 11:45,77.8715,73.5557
2025-10-13 11:40,81.7695,75.4567
2025-10-13 11:35,86.0274,84.6021
2025-10-13 11:30,88.3224,85.2496
2025-10-13 11:25,87.1012,88.2306
2025-10-13 11:20,75.1805,91.4868
2025-10-13 11:15,54.3825,81.5861
2025-10-13 11:10,32.4752,52.4684
2025-10-13 11:05,20.2965,29.0929
2025-10-13 11:00,17.3043,15.8644
2025-10-13 10:55,25.9155,15.9321
2025-10-13 10:50,43.4659,20.1165
2025-10-13 10:45,65.8835,41.6979
2025-10-13 10:40,82.2871,68.5833
2025-10-13 10:35,88.6828,87.3693
2025-10-13 10:30,89.3705,90.9088
2025-10-13 10:25,87.4095,87.7702
2025-10-13 10:20,86.4824,89.4327
2025-10-13 10:15,85.2596,85.0256
2025-10-13 10:10,87.3711,84.9890
2025-10-13 10:05,91.0958,85.7642
2025-10-13 10:00,94.2887,91.3602
2025-10-13 09:55,94.1665,96.1632
2025-10-13 09:50,88.6200,95.3428
2025-10-13 09:45,75.8920,90.9936
2025-10-13 09:40,60.9152,79.5235
2025-10-13 09:35,51.3080,57.1589
2025-10-13 09:30,52.4278,46.0632
2025-10-13 09:25,54.5728,50.7018
2025-10-13 09:20,47.0319,60.5183
2025-10-13 09:15,30.4320,52.4982
2025-10-13 09:10,14.7189,28.0792
2025-10-13 09:05,7.4844,10.7185
2025-10-13 09:00,6.0367,5.3591
2025-10-13 08:55,13.0381,6.3755
2025-10-13 08:50,26.8713,6.3755
2025-10-13 08:45,49.2778,26.3633
2025-10-13 08:40,59.8366,47.8750
2025-10-13 08:35,57.5810,73.5951
2025-10-13 08:30,39.8112,58.0396
2025-10-13 08:25,26.4647,41.1084
2025-10-13 08:20,17.9683,20.2857
2025-10-13 08:15,23.8499,18.0000
2025-10-13 08:10,38.7768,15.6190
2025-10-13 08:05,60.4917,37.9307
2025-10-13 08:00,72.2322,62.7806
2025-10-13 07:55,71.3780,80.7637
2025-10-13 07:50,61.8859,73.1523
2025-10-13 07:45,52.7275,60.2179
2025-10-13 07:40,45.9378,52.2876
2025-10-13 07:35,40.5419,45.6769
2025-10-13 07:30,35.9550,39.8490
2025-10-13 07:25,30.0505,36.0997
2025-10-13 07:20,23.9567,31.9164
2025-10-13 07:15,24.4770,22.1354
2025-10-13 07:10,34.3467,17.8183
2025-10-13 07:05,43.6238,33.4774
2025-10-13 07:00,40.1826,51.7444
2025-10-13 06:55,28.5566,45.6495
2025-10-13 06:50,24.0777,23.1539
2025-10-13 06:45,31.6930,16.8664
2025-10-13 06:40,39.6265,32.2128
2025-10-13 06:35,39.2937,46.0000
2025-10-13 06:30,36.5538,40.6667
2025-10-13 06:25,41.1137,31.2143
2025-10-13 06:20,50.8085,37.7803
2025-10-13 06:15,54.3164,54.3464
2025-10-13 06:10,52.7803,60.2987
2025-10-13 06:05,49.5026,48.3041
2025-10-13 06:00,48.5093,49.7381
2025-10-13 05:55,41.4154,50.4656
2025-10-13 05:50,36.7245,45.3241
2025-10-13 05:45,37.3049,28.4564
2025-10-13 05:40,44.5323,36.3929
2025-10-13 05:35,45.6993,47.0655
2025-10-13 05:30,41.6063,50.1384
2025-10-13 05:25,40.3772,39.8939
2025-10-13 05:20,45.4590,34.7868
2025-10-13 05:15,58.3558,46.4509
2025-10-13 05:10,67.8678,55.1392
2025-10-13 05:05,75.4191,73.4771
2025-10-13 05:00,67.7752,74.9872
2025-10-13 04:55,51.3903,77.7931
2025-10-13 04:50,30.0332,50.5452
2025-10-13 04:45,21.9383,25.8326
2025-10-13 04:40,27.7667,13.7218
2025-10-13 04:35,43.6663,26.2605
2025-10-13 04:30,59.5840,43.3178
2025-10-13 04:25,73.1480,61.4205
2025-10-13 04:20,80.0336,74.0138
2025-10-13 04:15,74.9156,84.0097
2025-10-13 04:10,65.1079,82.0773
2025-10-13 04:05,53.9100,58.6599
2025-10-13 04:00,58.9078,54.5866
2025-10-10 19:55,67.1778,48.4835
2025-10-10 19:50,78.0996,73.6532
2025-10-10 19:45,78.9748,79.3968
2025-10-10 19:40,77.2499,81.2487
2025-10-10 19:35,74.7597,76.2790
2025-10-10 19:30,72.1970,74.2222
2025-10-10 19:25,68.2900,73.7778
2025-10-10 19:20,65.2911,68.5910
2025-10-10 19:15,67.2795,62.5011
2025-10-10 19:10,68.0044,64.7813
2025-10-10 19:05,62.9349,74.5560
2025-10-10 19:00,45.8412,64.6757
2025-10-10 18:55,34.2282,49.5730
2025-10-10 18:50,35.3027,23.2749
2025-10-10 18:45,53.3882,29.8368
2025-10-10 18:40,72.8634,52.7965
2025-10-10 18:35,80.2345,77.5312
2025-10-10 18:30,76.3228,88.2625
2025-10-10 18:25,65.6194,74.9097
2025-10-10 18:20,58.9728,65.7961
2025-10-10 18:15,54.5340,56.1525
2025-10-10 18:10,57.9982,54.9699
2025-10-10 18:05,67.0683,52.4796
2025-10-10 18:00,82.4333,66.5451
2025-10-10 17:55,87.2182,82.1803
2025-10-10 17:50,76.4194,98.5744
2025-10-10 17:45,52.1096,80.8997
2025-10-10 17:40,32.4260,49.7842
2025-10-10 17:35,25.4737,25.6450
2025-10-10 17:30,23.7779,21.8489
2025-10-10 17:25,19.8590,28.9272
2025-10-10 17:20,11.6099,20.5578
2025-10-10 17:15,6.7707,10.0922
2025-10-10 17:10,6.0868,4.1799
2025-10-10 17:05,11.5371,6.0402
2025-10-10 17:00,18.1266,8.0404
2025-10-10 16:55,27.2807,20.5308
2025-10-10 16:50,30.2805,25.8086
2025-10-10 16:45,37.2619,35.5026
2025-10-10 16:40,43.6221,29.5304
2025-10-10 16:35,55.9012,46.7526
2025-10-10 16:30,60.1121,54.5833
2025-10-10 16:25,57.7829,66.3675
2025-10-10 16:20,47.2493,59.3855
2025-10-10 16:15,33.9676,47.5957
2025-10-10 16:10,23.7170,34.7668
2025-10-10 16:05,21.1122,19.5402
2025-10-10 16:00,29.7563,16.8438
2025-10-10 15:55,39.3738,26.9525
2025-10-10 15:50,41.2579,45.4725
2025-10-10 15:45,32.1461,45.6964
2025-10-10 15:40,22.1787,32.6047
2025-10-10 15:35,17.1933,18.1372
2025-10-10 15:30,17.4556,15.7942
2025-10-10 15:25,24.1946,17.6484
2025-10-10 15:20,33.8642,18.9241
2025-10-10 15:15,44.5403,36.0114
2025-10-10 15:10,43.1127,46.6571
2025-10-10 15:05,33.3411,50.9524
2025-10-10 15:00,18.4475,31.7284
2025-10-10 14:55,10.0300,17.3426
2025-10-10 14:50,7.9623,6.2717
2025-10-10 14:45,9.1368,6.4758
2025-10-10 14:40,18.8830,11.1394
2025-10-10 14:35,30.3374,9.7953
2025-10-10 14:30,52.3631,35.7143
2025-10-10 14:25,62.0195,45.5027
2025-10-10 14:20,65.7272,75.8723
2025-10-10 14:15,52.8414,64.6835
2025-10-10 14:10,38.7557,56.6256
2025-10-10 14:05,30.4156,37.2149
2025-10-10 14:00,32.3525,22.4265
2025-10-10 13:55,48.4780,31.6054
2025-10-10 13:50,65.5237,43.0256
2025-10-10 13:45,82.0336,70.8030
2025-10-10 13:40,89.4794,82.7426
2025-10-10 13:35,91.4622,92.5552
2025-10-10 13:30,81.4128,93.1405
2025-10-10 13:25,62.0860,88.6908
2025-10-10 13:20,35.6160,62.4072
2025-10-10 13:15,16.5697,35.1601
2025-10-10 13:10,6.7965,9.2806
2025-10-10 13:05,5.8190,5.2684
2025-10-10 13:00,6.0044,5.8406
2025-10-10 12:55,7.4631,6.3479
2025-10-10 12:50,12.8652,5.8247
2025-10-10 12:45,22.9632,10.2167
2025-10-10 12:40,34.7650,22.5541
2025-10-10 12:35,40.8035,36.1187
2025-10-10 12:30,39.0796,45.6223
2025-10-10 12:25,31.1209,40.6693
2025-10-10 12:20,28.7559,30.9472
2025-10-10 12:15,36.6170,21.7462
2025-10-10 12:10,54.6742,33.5742
2025-10-10 12:05,71.7243,54.5307
2025-10-10 12:00,80.7962,75.9177
2025-10-10 11:55,74.4134,84.7246
2025-10-10 11:50,56.4010,81.7462
2025-10-10 11:45,33.8708,56.7695
2025-10-10 11:40,18.4173,30.6872
2025-10-10 11:35,11.4209,14.1557
2025-10-10 11:30,9.9987,10.4090
2025-10-10 11:25,10.4030,9.6980
2025-10-10 11:20,10.6233,9.8890
2025-10-10 11:15,10.5099,11.6219
2025-10-10 11:10,17.5659,10.3589
2025-10-10 11:05,34.7713,9.5488
2025-10-10 11:00,61.3436,32.7900
2025-10-10 10:55,81.3493,61.9751
2025-10-10 10:50,87.3084,89.2655
2025-10-10 10:45,78.6284,92.8073
2025-10-10 10:40,62.7540,79.8524
2025-10-10 10:35,48.2569,63.2255
2025-10-10 10:30,34.0134,45.1843
2025-10-10 10:25,24.8588,36.3610
2025-10-10 10:20,17.5470,20.4949
2025-10-10 10:15,18.4645,17.7206
2025-10-10 10:10,22.3374,14.4257
2025-10-10 10:05,32.5677,23.2472
2025-10-10 10:00,47.6996,29.3395
2025-10-10 09:55,65.2851,45.1164
2025-10-10 09:50,77.5383,68.6430
2025-10-10 09:45,74.7059,82.0960
2025-10-10 09:40,60.0301,81.8760
2025-10-10 09:35,40.6041,60.1459
2025-10-10 09:30,26.9614,38.0684
2025-10-10 09:25,20.1054,23.5980
2025-10-10 09:20,18.1448,19.2177
2025-10-10 09:15,18.3406,17.5005
2025-10-10 09:10,20.3085,17.7163
2025-10-10 09:05,22.7364,19.8050
2025-10-10 09:00,23.6648,23.4043
2025-10-10 08:55,24.9584,25.0000
2025-10-10 08:50,25.1104,22.5901
2025-10-10 08:45,27.8785,27.2852
2025-10-10 08:40,30.4609,25.4559
2025-10-10 08:35,37.4851,30.8943
2025-10-10 08:30,44.6870,35.0325
2025-10-10 08:25,50.3984,46.5285
2025-10-10 08:20,51.2222,52.5000
2025-10-10 08:15,46.5090,52.1667
2025-10-10 08:10,40.1682,49.0000
2025-10-10 08:05,33.5334,38.3602
2025-10-10 08:00,30.2238,33.1445
2025-10-10 07:55,27.5832,29.0955
2025-10-10 07:50,32.2935,28.4314
2025-10-10 07:45,41.4191,25.2228
2025-10-10 07:40,53.2042,43.2264
2025-10-10 07:35,57.4299,55.8081
2025-10-10 07:30,58.2365,60.5780
2025-10-10 07:25,61.9547,55.9036
2025-10-10 07:20,70.3043,58.2279
2025-10-10 07:15,80.3155,71.7325
2025-10-10 07:10,84.3007,80.9524
2025-10-10 07:05,83.3607,88.2617
2025-10-10 07:00,81.1712,83.6879
2025-10-10 06:55,84.5252,78.1324
2025-10-10 06:50,86.9852,81.6933
2025-10-10 06:45,81.5932,93.7500
2025-10-10 06:40,68.1173,85.5125
2025-10-10 06:35,60.1761,65.5172
2025-10-10 06:30,61.7561,53.3221
2025-10-10 06:25,67.8430,61.6889
2025-10-10 06:20,68.8435,70.2573
2025-10-10 06:15,61.3664,71.5829
2025-10-10 06:10,48.3561,64.6904
2025-10-10 06:05,36.4718,47.8261
2025-10-10 06:00,32.7397,32.5519
2025-10-10 05:55,34.0242,29.0374
2025-10-10 05:50,32.0873,36.6298
2025-10-10 05:45,28.2249,36.4055
2025-10-10 05:40,26.5274,23.2265
2025-10-10 05:35,28.6056,25.0428
2025-10-10 05:30,26.6039,31.3129
2025-10-10 05:25,22.3739,29.4610
2025-10-10 05:20,23.0664,19.0378
2025-10-10 05:15,33.7475,18.6230
2025-10-10 05:10,49.0475,31.5385
2025-10-10 05:05,61.7999,51.0809
2025-10-10 05:00,69.3331,64.5231
2025-10-10 04:55,72.4593,69.7957
2025-10-10 04:50,68.4314,73.6805
2025-10-10 04:45,58.4502,73.9019
2025-10-10 04:40,39.8255,57.7119
2025-10-10 04:35,25.3699,43.7368
2025-10-10 04:30,13.9252,18.0279
2025-10-10 04:25,16.6475,14.3449
2025-10-10 04:20,25.8917,9.4026
2025-10-10 04:15,44.8193,26.1950
2025-10-10 04:10,60.2936,42.0774
2025-10-10 04:05,74.0685,66.1855
2025-10-10 04:00,79.4512,72.6179
2025-10-09 19:55,85.8007,83.4022
2025-10-09 19:50,86.6516,82.3333
2025-10-09 19:45,80.7047,91.6667
2025-10-09 19:40,63.9173,85.9548
2025-10-09 19:35,48.2689,64.4928
2025-10-09 19:30,39.4122,41.3043
2025-10-09 19:25,37.2182,39.0097
2025-10-09 19:20,34.8631,37.9227
2025-10-09 19:15,34.0142,34.7222
2025-10-09 19:10,33.8220,31.9444
2025-10-09 19:05,34.6230,35.3758
2025-10-09 19:00,37.6685,34.1457
2025-10-09 18:55,45.5059,34.3474
2025-10-09 18:50,55.3456,44.5125
2025-10-09 18:45,58.1244,57.6579
2025-10-09 18:40,56.8005,63.8664
2025-10-09 18:35,53.7956,52.8489
2025-10-09 18:30,58.4015,53.6862
2025-10-09 18:25,59.1105,54.8517
2025-10-09 18:20,55.3196,66.6667
2025-10-09 18:15,42.1688,55.8132
2025-10-09 18:10,30.4250,43.4790
2025-10-09 18:05,18.9974,27.2143
2025-10-09 18:00,19.5994,20.5816
2025-10-09 17:55,28.0587,9.1964
2025-10-09 17:50,46.5674,29.0203
2025-10-09 17:45,56.0894,45.9595
2025-10-09 17:40,59.9650,64.7226
2025-10-09 17:35,57.5499,57.5862
2025-10-09 17:30,62.0875,57.5862
2025-10-09 17:25,70.8094,57.4774
2025-10-09 17:20,79.0908,71.1989
2025-10-09 17:15,81.7243,83.7519
2025-10-09 17:10,79.5810,82.3216
2025-10-09 17:05,72.7156,79.0994
2025-10-09 17:00,58.2957,77.3219
2025-10-09 16:55,35.7083,61.7255
2025-10-09 16:50,20.2071,35.8396
2025-10-09 16:45,14.6841,9.5598
2025-10-09 16:40,18.6789,15.2218
2025-10-09 16:35,18.9829,19.2708
2025-10-09 16:30,18.4314,21.5440
2025-10-09 16:25,20.2699,16.1339
2025-10-09 16:20,27.7942,17.6163
2025-10-09 16:15,39.3441,27.0596
2025-10-09 16:10,53.6389,38.7068
2025-10-09 16:05,67.5479,52.2659
2025-10-09 16:00,80.0855,69.9440
2025-10-09 15:55,85.3003,80.4338
2025-10-09 15:50,84.2862,89.8787
2025-10-09 15:45,74.9913,85.5883
2025-10-09 15:40,67.3523,77.3916
2025-10-09 15:35,67.2603,61.9941
2025-10-09 15:30,73.1925,62.6712
2025-10-09 15:25,78.4637,77.1155
2025-10-09 15:20,77.1563,79.7908
2025-10-09 15:15,79.4806,78.4847
2025-10-09 15:10,79.6157,73.1935
2025-10-09 15:05,82.8548,86.7636
2025-10-09 15:00,75.8030,78.8900
2025-10-09 14:55,74.3203,82.9106
2025-10-09 14:50,71.1289,65.6084
2025-10-09 14:45,78.1629,74.4420
2025-10-09 14:40,83.4891,73.3362
2025-10-09 14:35,89.0618,86.7105
2025-10-09 14:30,90.4556,90.4206
2025-10-09 14:25,89.7379,90.0542
2025-10-09 14:20,87.4768,90.8919
2025-10-09 14:15,85.7069,88.2676
2025-10-09 14:10,85.4905,83.2710
2025-10-09 14:05,89.8852,85.5820
2025-10-09 14:00,93.5648,87.6186
2025-10-09 13:55,96.3012,96.4551
2025-10-09 13:50,95.0065,96.6208
2025-10-09 13:45,91.1081,95.8276
2025-10-09 13:40,84.1939,92.5710
2025-10-09 13:35,70.2650,84.9257
2025-10-09 13:30,51.9950,75.0851
2025-10-09 13:25,33.7535,50.7843
2025-10-09 13:20,25.4752,30.1157
2025-10-09 13:15,25.1957,20.3605
2025-10-09 13:10,28.1579,25.9494
2025-10-09 13:05,35.7163,29.2771
2025-10-09 13:00,42.0963,29.2473
2025-10-09 12:55,53.4134,48.6246
2025-10-09 12:50,57.9869,48.4169
2025-10-09 12:45,67.1428,63.1988
2025-10-09 12:40,73.6270,62.3449
2025-10-09 12:35,77.9486,75.8846
2025-10-09 12:30,75.5791,82.6515
2025-10-09 12:25,65.7861,75.3095
2025-10-09 12:20,60.3133,68.7764
2025-10-09 12:15,60.1611,53.2725
2025-10-09 12:10,69.8202,58.8911
2025-10-09 12:05,79.4480,68.3197
2025-10-09 12:00,86.7526,82.2499
2025-10-09 11:55,86.4660,87.7746
2025-10-09 11:50,81.2132,90.2333
2025-10-09 11:45,77.2031,81.3903
2025-10-09 11:40,79.4506,72.0160
2025-10-09 11:35,83.5501,78.2029
2025-10-09 11:30,84.4503,88.1330
2025-10-09 11:25,82.0325,84.3144
2025-10-09 11:20,85.6466,80.9033
2025-10-09 11:15,90.2686,80.8798
2025-10-09 11:10,94.0005,95.1568
2025-10-09 11:05,88.0717,94.7691
2025-10-09 11:00,76.5123,92.0755
2025-10-09 10:55,59.4507,77.3704
2025-10-09 10:50,41.1248,60.0911
2025-10-09 10:45,25.6528,40.8905
2025-10-09 10:40,13.6575,22.3927
2025-10-09 10:35,9.3335,13.6753
2025-10-09 10:30,11.3415,4.9046
2025-10-09 10:25,20.8104,9.4206
2025-10-09 10:20,32.7387,19.6992
2025-10-09 10:15,41.2583,33.3115
2025-10-09 10:10,41.6478,45.2055
2025-10-09 10:05,34.0983,45.2578
2025-10-09 10:00,23.3623,34.4800
2025-10-09 09:55,14.9266,22.5571
2025-10-09 09:50,11.6139,13.0497
2025-10-09 09:45,15.1673,9.1730
2025-10-09 09:40,30.7521,12.6191
2025-10-09 09:35,50.2809,23.7099
2025-10-09 09:30,69.3221,55.9272
2025-10-09 09:25,75.4019,71.2057
2025-10-09 09:20,78.0556,80.8333
2025-10-09 09:15,79.0741,74.1667
2025-10-09 09:10,83.7963,79.1667
2025-10-09 09:05,87.7778,83.8889
2025-10-09 09:00,83.9457,88.3333
2025-10-09 08:55,70.1878,91.1111
2025-10-09 08:50,46.4218,72.3928
2025-10-09 08:45,26.9146,47.0594
2025-10-09 08:40,21.2007,19.8131
2025-10-09 08:35,30.6278,13.8714
2025-10-09 08:30,48.2081,29.9177
2025-10-09 08:25,60.4397,48.0942
2025-10-09 08:20,66.7029,66.6124
2025-10-09 08:15,60.6730,66.6124
2025-10-09 08:10,58.4795,66.8838
2025-10-09 08:05,53.2848,48.5228
2025-10-09 08:00,55.7514,60.0320
2025-10-09 07:55,49.7304,51.2995
2025-10-09 07:50,47.5199,55.9226
2025-10-09 07:45,51.8764,41.9691
2025-10-09 07:40,64.5252,44.6679
2025-10-09 07:35,76.9086,68.9922
2025-10-09 07:30,79.3597,79.9154
2025-10-09 07:25,79.0211,81.8182
2025-10-09 07:20,80.9746,76.3455
2025-10-09 07:15,85.1876,78.8997
2025-10-09 07:10,87.0687,87.6786
2025-10-09 07:05,86.8248,88.9846
2025-10-09 07:00,83.7466,84.5428
2025-10-09 06:55,78.9991,86.9470
2025-10-09 06:50,65.2492,79.7501
2025-10-09 06:45,48.3607,70.3003
2025-10-09 06:40,31.8463,45.6971
2025-10-09 06:35,23.1278,29.0846
2025-10-09 06:30,23.3051,20.7573
2025-10-09 06:25,26.5372,19.5415
2025-10-09 06:20,34.9890,29.6165
2025-10-09 06:15,41.8168,30.4536
2025-10-09 06:10,53.0059,44.8969
2025-10-09 06:05,60.9680,50.0997
2025-10-09 06:00,64.5910,64.0212
2025-10-09 05:55,57.8063,68.7831
2025-10-09 05:50,47.7577,60.9687
2025-10-09 05:45,42.3515,43.6671
2025-10-09 05:40,48.3290,38.6373
2025-10-09 05:35,57.2918,44.7501
2025-10-09 05:30,69.0170,61.5997
2025-10-09 05:25,72.9117,65.5257
2025-10-09 05:20,72.7984,79.9257
2025-10-09 05:15,59.9372,73.2839
2025-10-09 05:10,46.5104,65.1855
2025-10-09 05:05,32.2767,41.3421
2025-10-09 05:00,28.7800,33.0035
2025-10-09 04:55,33.8683,22.4846
2025-10-09 04:50,46.2676,30.8519
2025-10-09 04:45,53.0655,48.2684
2025-10-09 04:40,47.8370,59.6825
2025-10-09 04:35,38.0429,51.2457
2025-10-09 04:30,31.8684,32.5827
2025-10-09 04:25,33.8335,30.3004
2025-10-09 04:20,38.0609,32.7222
2025-10-09 04:15,41.4552,38.4780
2025-10-09 04:10,43.9886,42.9825
2025-10-09 04:05,50.5762,42.9051
2025-10-09 04:00,63.2680,46.0784
2025-10-08 19:55,76.5954,62.7451
2025-10-08 19:50,83.3571,80.9804
2025-10-08 19:45,80.6061,86.0606
2025-10-08 19:40,77.8451,83.0303
2025-10-08 19:35,75.5171,72.7273
2025-10-08 19:30,77.7500,77.7778
2025-10-08 19:25,77.3023,76.0462
2025-10-08 19:20,79.0191,79.4261
2025-10-08 19:15,81.4408,76.4347
2025-10-08 19:10,83.1334,81.1966
2025-10-08 19:05,80.9660,86.6911
2025-10-08 19:00,73.0378,81.5126
2025-10-08 18:55,68.6220,74.6944
2025-10-08 18:50,65.5770,62.9063
2025-10-08 18:45,68.9478,68.2652
2025-10-08 18:40,71.5378,65.5595
2025-10-08 18:35,75.8651,73.0186
2025-10-08 18:30,79.5668,76.0353
2025-10-08 18:25,83.3584,78.5415
2025-10-08 18:20,88.4047,84.1237
2025-10-08 18:15,92.7069,87.4099
2025-10-08 18:10,96.5166,93.6805
2025-10-08 18:05,98.3796,97.0301
2025-10-08 18:00,98.9679,98.8392
2025-10-08 17:55,98.9584,99.2696
2025-10-08 17:50,98.8243,98.7948
2025-10-08 17:45,98.9804,98.8108
2025-10-08 17:40,97.0340,98.8674
2025-10-08 17:35,93.0405,99.2630
2025-10-08 17:30,86.8473,92.9718
2025-10-08 17:25,82.8098,86.8866
2025-10-08 17:20,80.7365,80.6833
2025-10-08 17:15,82.8278,80.8594
2025-10-08 17:10,86.9279,80.6668
2025-10-08 17:05,92.7627,86.9572
2025-10-08 17:00,95.6854,93.1597
2025-10-08 16:55,95.5809,98.1714
2025-10-08 16:50,93.1602,95.7252
2025-10-08 16:45,91.8033,92.8462
2025-10-08 16:40,90.6702,90.9091
2025-10-08 16:35,89.4324,91.6546
2025-10-08 16:30,85.5900,89.4468
2025-10-08 16:25,80.1360,87.1958
2025-10-08 16:20,73.1880,80.1274
2025-10-08 16:15,65.7369,73.0848
2025-10-08 16:10,60.8217,66.3518
2025-10-08 16:05,53.8775,57.7740
2025-10-08 16:00,54.0986,58.3393
2025-10-08 15:55,57.5135,45.5191
2025-10-08 15:50,72.8753,58.4374
2025-10-08 15:45,85.2051,68.5841
2025-10-08 15:40,92.4896,91.6044
2025-10-08 15:35,87.6061,95.4266
2025-10-08 15:30,72.9164,90.4379
2025-10-08 15:25,52.7651,76.9538
2025-10-08 15:20,33.9637,51.3575
2025-10-08 15:15,21.9377,29.9839
2025-10-08 15:10,15.5132,20.5496
2025-10-08 15:05,9.6357,15.2795
2025-10-08 15:00,6.8776,10.7105
2025-10-08 14:55,5.7174,2.9173
2025-10-08 14:50,14.5375,7.0050
2025-10-08 14:45,28.4248,7.2298
2025-10-08 14:40,51.5897,29.3778
2025-10-08 14:35,69.5263,48.6666
2025-10-08 14:30,82.4491,76.7246
2025-10-08 14:25,85.1322,83.1876
2025-10-08 14:20,86.1928,87.4351
2025-10-08 14:15,87.0514,84.7739
2025-10-08 14:10,87.4047,86.3694
2025-10-08 14:05,85.8329,90.0110
2025-10-08 14:00,81.4950,85.8337
2025-10-08 13:55,77.6686,81.6539
2025-10-08 13:50,75.5260,76.9975
2025-10-08 13:45,76.4829,74.3545
2025-10-08 13:40,79.2447,75.2260
2025-10-08 13:35,81.8609,79.8681
2025-10-08 13:30,83.0539,82.6399
2025-10-08 13:25,86.7128,83.0746
2025-10-08 13:20,91.4619,83.4473
2025-10-08 13:15,91.3257,93.6165
2025-10-08 13:10,78.9800,97.3218
2025-10-08 13:05,55.7335,83.0389
2025-10-08 13:00,35.3117,56.5793
2025-10-08 12:55,26.3933,27.5821
2025-10-08 12:50,31.8910,21.7736
2025-10-08 12:45,44.3025,29.8241
2025-10-08 12:40,59.4333,44.0753
2025-10-08 12:35,72.1528,59.0079
2025-10-08 12:30,79.3575,75.2165
2025-10-08 12:25,79.7237,82.2340
2025-10-08 12:20,79.1182,80.6219
2025-10-08 12:15,78.9243,76.3151
2025-10-08 12:10,81.5734,80.4176
2025-10-08 12:05,78.1321,80.0402
2025-10-08 12:00,68.7255,84.2624
2025-10-08 11:55,55.1642,70.0937
2025-10-08 11:50,47.4136,51.8205
2025-10-08 11:45,50.2205,43.5783
2025-10-08 11:40,53.1375,46.8419
2025-10-08 11:35,54.2749,60.2414
2025-10-08 11:30,49.9429,52.3294
2025-10-08 11:25,51.2072,50.2541
2025-10-08 11:20,53.3727,47.2452
2025-10-08 11:15,53.5717,56.1222
2025-10-08 11:10,47.6544,56.7507
2025-10-08 11:05,46.0639,47.8421
2025-10-08 11:00,53.1282,38.3703
2025-10-08 10:55,69.4839,51.9794
2025-10-08 10:50,80.5617,69.0347
2025-10-08 10:45,85.6884,87.4375
2025-10-08 10:40,82.0298,85.2129
2025-10-08 10:35,80.3037,84.4147
2025-10-08 10:30,80.8049,76.4617
2025-10-08 10:25,86.2423,80.0347
2025-10-08 10:20,89.9999,85.9184
2025-10-08 10:15,89.4570,92.7739
2025-10-08 10:10,80.3505,91.3074
2025-10-08 10:05,64.8187,84.2896
2025-10-08 10:00,44.6051,65.4545
2025-10-08 09:55,27.1655,44.7121
2025-10-08 09:50,16.2972,23.6486
2025-10-08 09:45,13.8915,13.1358
2025-10-08 09:40,14.6756,12.1072
2025-10-08 09:35,14.4929,16.4316
2025-10-08 09:30,12.6571,15.4880
2025-10-08 09:25,16.5062,11.5591
2025-10-08 09:20,28.7907,10.9242
2025-10-08 09:15,46.3134,27.0353
2025-10-08 09:10,59.0166,48.4127
2025-10-08 09:05,60.4452,63.4921
2025-10-08 09:00,53.4658,65.1451
2025-10-08 08:55,42.4742,52.6985
2025-10-08 08:50,31.7742,42.5536
2025-10-08 08:45,26.9116,32.1704
2025-10-08 08:40,31.6837,20.5986
2025-10-08 08:35,50.1330,27.9657
2025-10-08 08:30,67.4678,46.4866
2025-10-08 08:25,77.5328,75.9467
2025-10-08 08:20,75.5855,79.9701
2025-10-08 08:15,73.2463,76.6816
2025-10-08 08:10,72.3884,70.1046
2025-10-08 08:05,74.6089,72.9526
2025-10-08 08:00,75.9649,74.1080
2025-10-08 07:55,75.9130,76.7662
2025-10-08 07:50,73.9957,77.0205
2025-10-08 07:45,69.4172,73.9522
2025-10-08 07:40,68.0354,71.0145
2025-10-08 07:35,61.2106,63.2850
2025-10-08 07:30,51.0742,69.8068
2025-10-08 07:25,32.1190,50.5399
2025-10-08 07:20,19.5861,32.8758
2025-10-08 07:15,17.1416,12.9412
2025-10-08 07:10,29.8388,12.9412
2025-10-08 07:05,52.2229,25.5425
2025-10-08 07:00,75.6906,51.0327
2025-10-08 06:55,88.7782,80.0936
2025-10-08 06:50,89.7458,95.9454
2025-10-08 06:45,76.9174,90.2957
2025-10-08 06:40,61.2278,82.9963
2025-10-08 06:35,45.4532,57.4602
2025-10-08 06:30,41.5045,43.2269
2025-10-08 06:25,44.1660,35.6725
2025-10-08 06:20,47.8378,45.6140
2025-10-08 06:15,46.7190,51.2114
2025-10-08 06:10,38.4605,46.6881
2025-10-08 06:05,32.9717,42.2576
2025-10-08 06:00,32.6422,26.4358
2025-10-08 05:55,45.5607,30.2216
2025-10-08 05:50,61.0820,41.2693
2025-10-08 05:45,74.8602,65.1912
2025-10-08 05:40,82.0973,76.7854
2025-10-08 05:35,86.2387,82.6039
2025-10-08 05:30,87.9504,86.9026
2025-10-08 05:25,86.0092,89.2096
2025-10-08 05:20,76.0020,87.7391
2025-10-08 05:15,63.5647,81.0788
2025-10-08 05:10,56.1966,59.1880
2025-10-08 05:05,54.7009,50.4274
2025-10-08 05:00,55.4742,58.9744
2025-10-08 04:55,48.9540,54.7009
2025-10-08 04:50,48.9391,52.7473
2025-10-08 04:45,51.8842,39.4139
2025-10-08 04:40,60.9404,54.6561
2025-10-08 04:35,68.6152,61.5825
2025-10-08 04:30,77.5455,66.5825
2025-10-08 04:25,86.4914,77.6807
2025-10-08 04:20,88.9521,88.3733
2025-10-08 04:15,84.4787,93.4202
2025-10-08 04:10,75.1700,85.0628
2025-10-08 04:05,68.5823,74.9529
2025-10-08 04:00,64.0059,65.4942
2025-10-07 19:55,66.8307,65.2998
2025-10-07 19:50,66.7953,61.2237
2025-10-07 19:45,65.0547,73.9687
2025-10-07 19:40,47.9546,65.1935
2025-10-07 19:35,30.7119,56.0019
2025-10-07 19:30,14.4685,22.6685
2025-10-07 19:25,15.4665,13.4654
2025-10-07 19:20,23.4416,7.2716
2025-10-07 19:15,39.1850,25.6624
2025-10-07 19:10,51.5777,37.3908
2025-10-07 19:05,62.8386,54.5019
2025-10-07 19:00,71.6366,62.8403
2025-10-07 18:55,78.1556,71.1736
2025-10-07 18:50,81.6832,80.8958
2025-10-07 18:45,78.5027,82.3974
2025-10-07 18:40,76.5225,81.7564
2025-10-07 18:35,74.0438,71.3543
2025-10-07 18:30,78.3013,76.4569
2025-10-07 18:25,77.6834,74.3201
2025-10-07 18:20,79.8942,84.1270
2025-10-07 18:15,77.5426,74.6032
2025-10-07 18:10,80.7172,80.9524
2025-10-07 18:05,83.2270,77.0723
2025-10-07 18:00,89.8716,84.1270
2025-10-07 17:55,94.8502,88.4817
2025-10-07 17:50,98.4346,97.0060
2025-10-07 17:45,99.1298,99.0630
2025-10-07 17:40,99.1413,99.2350
2025-10-07 17:35,99.0469,99.0914
2025-10-07 17:30,99.0367,99.0975
2025-10-07 17:25,99.1262,98.9518
2025-10-07 17:20,99.1922,99.0609
2025-10-07 17:15,99.1184,99.3658
2025-10-07 17:10,98.8996,99.1501
2025-10-07 17:05,98.7919,98.8394
2025-10-07 17:00,98.6231,98.7092
2025-10-07 16:55,95.3419,98.8271
2025-10-07 16:50,87.7084,98.3330
2025-10-07 16:45,75.8203,88.8656
2025-10-07 16:40,67.7781,75.9268
2025-10-07 16:35,66.0280,62.6686
2025-10-07 16:30,71.9182,64.7389
2025-10-07 16:25,78.6312,70.6766
2025-10-07 16:20,84.9910,80.3390
2025-10-07 16:15,86.2048,84.8780
2025-10-07 16:10,85.9692,89.7561
2025-10-07 16:05,84.1127,83.9803
2025-10-07 16:00,86.9538,84.1712
2025-10-07 15:55,89.6223,84.1866
2025-10-07 15:50,89.9218,92.5037
2025-10-07 15:45,81.5539,92.1765
2025-10-07 15:40,68.8732,85.0853
2025-10-07 15:35,58.2732,67.3998
2025-10-07 15:30,56.0405,54.1344
2025-10-07 15:25,63.4746,53.2855
2025-10-07 15:20,67.6918,60.7018
2025-10-07 15:15,70.7156,76.4364
2025-10-07 15:10,63.2653,65.9371
2025-10-07 15:05,58.2425,69.7734
2025-10-07 15:00,46.3864,54.0855
2025-10-07 14:55,39.8743,50.8687
2025-10-07 14:50,38.6605,34.2049
2025-10-07 14:45,47.9518,34.5494
2025-10-07 14:40,61.8690,47.2271
2025-10-07 14:35,74.1150,62.0790
2025-10-07 14:30,83.9874,76.3010
2025-10-07 14:25,86.1811,83.9649
2025-10-07 14:20,79.1540,91.6961
2025-10-07 14:15,60.9471,82.8822
2025-10-07 14:10,43.4169,62.8836
2025-10-07 14:05,36.8941,37.0755
2025-10-07 14:00,42.1603,30.2916
2025-10-07 13:55,47.5959,43.3154
2025-10-07 13:50,43.2989,52.8740
2025-10-07 13:45,41.2164,46.5984
2025-10-07 13:40,48.1259,30.4243
2025-10-07 13:35,67.5915,46.6264
2025-10-07 13:30,81.3645,67.3270
2025-10-07 13:25,84.9688,88.8211
2025-10-07 13:20,76.7310,87.9454
2025-10-07 13:15,60.1371,78.1398
2025-10-07 13:10,41.1337,64.1077
2025-10-07 13:05,22.5328,38.1637
2025-10-07 13:00,16.6851,21.1297
2025-10-07 12:55,24.7986,8.3051
2025-10-07 12:50,47.7495,20.6204
2025-10-07 12:45,71.5821,45.4702
2025-10-07 12:40,81.6432,77.1578
2025-10-07 12:35,72.5871,92.1183
2025-10-07 12:30,52.4594,75.6536
2025-10-07 12:25,38.4391,49.9893
2025-10-07 12:20,38.5527,31.7354
2025-10-07 12:15,43.7180,33.5927
2025-10-07 12:10,43.8330,50.3301
2025-10-07 12:05,32.5823,47.2311
2025-10-07 12:00,23.5483,33.9379
2025-10-07 11:55,22.1576,16.5779
2025-10-07 11:50,33.2504,20.1290
2025-10-07 11:45,45.0981,29.7659
2025-10-07 11:40,54.1347,49.8563
2025-10-07 11:35,48.9716,55.6721
2025-10-07 11:30,39.0137,56.8756
2025-10-07 11:25,25.6299,34.3671
2025-10-07 11:20,18.7319,25.7985
2025-10-07 11:15,14.0785,16.7243
2025-10-07 11:10,19.5942,13.6731
2025-10-07 11:05,31.1525,11.8380
2025-10-07 11:00,51.3438,33.2715
2025-10-07 10:55,66.7307,48.3481
2025-10-07 10:50,81.9926,72.4118
2025-10-07 10:45,84.8327,79.4323
2025-10-07 10:40,83.2015,94.1337
2025-10-07 10:35,75.7478,80.9321
2025-10-07 10:30,74.8689,74.5386
2025-10-07 10:25,78.1200,71.7726
2025-10-07 10:20,73.9862,78.2955
2025-10-07 10:15,60.6304,84.2920
2025-10-07 10:10,38.6149,59.3711
2025-10-07 10:05,27.1736,38.2281
2025-10-07 10:00,25.8696,18.2456
2025-10-07 09:55,34.7395,25.0470
2025-10-07 09:50,45.9382,34.3162
2025-10-07 09:45,49.2676,44.8554
2025-10-07 09:40,47.9740,58.6429
2025-10-07 09:35,43.8363,44.3046
2025-10-07 09:30,53.4567,40.9744
2025-10-07 09:25,68.6986,46.2297
2025-10-07 09:20,83.4234,73.1658
2025-10-07 09:15,90.8904,86.7003
2025-10-07 09:10,91.2982,90.4040
2025-10-07 09:05,87.0779,95.5668
2025-10-07 09:00,76.2526,87.9237
2025-10-07 08:55,66.0305,77.7432
2025-10-07 08:50,57.5694,63.0908
2025-10-07 08:45,53.9655,57.2573
2025-10-07 08:40,52.2503,52.3601
2025-10-07 08:35,56.3408,52.2789
2025-10-07 08:30,64.3884,52.1118
2025-10-07 08:25,76.7560,64.6317
2025-10-07 08:20,84.2582,76.4218
2025-10-07 08:15,88.4567,89.2144
2025-10-07 08:10,84.0965,87.1383
2025-10-07 08:05,76.1232,89.0175
2025-10-07 08:00,58.3281,76.1337
2025-10-07 07:55,44.8152,63.2184
2025-10-07 07:50,40.3040,35.6322
2025-10-07 07:45,54.2555,35.5951
2025-10-07 07:40,69.7762,49.6848
2025-10-07 07:35,77.8674,77.4866
2025-10-07 07:30,70.0941,82.1573
2025-10-07 07:25,54.8611,73.9583
2025-10-07 07:20,35.4167,54.1667
2025-10-07 07:15,23.8005,36.4583
2025-10-07 07:10,22.2538,15.6250
2025-10-07 07:05,30.6818,19.3182
2025-10-07 07:00,32.8283,31.8182
2025-10-07 06:55,29.2929,40.9091
2025-10-07 06:50,29.6385,25.7576
2025-10-07 06:45,41.6318,21.2121
2025-10-07 06:40,56.3286,41.9458
2025-10-07 06:35,60.4907,61.7374
2025-10-07 06:30,59.3015,65.3025
2025-10-07 06:25,57.7955,54.4322
2025-10-07 06:20,62.1133,58.1699
2025-10-07 06:15,60.2832,60.7843
2025-10-07 06:10,52.5231,67.3856
2025-10-07 06:05,37.8636,52.6797
2025-10-07 06:00,25.1648,37.5041
2025-10-07 05:55,19.8162,23.4069
2025-10-07 05:50,22.9230,14.5833
2025-10-07 05:45,36.6807,21.4583
2025-10-07 05:40,52.4902,32.7273
2025-10-07 05:35,66.6216,55.8565
2025-10-07 05:30,75.8981,68.8868
2025-10-07 05:25,82.5883,75.1213
2025-10-07 05:20,87.9408,83.6860
2025-10-07 05:15,88.4758,88.9576
2025-10-07 05:10,87.9504,91.1787
2025-10-07 05:05,85.1793,85.2911
2025-10-07 05:00,85.8695,87.3814
2025-10-07 04:55,80.5934,82.8653
2025-10-07 04:50,73.7539,87.3619
2025-10-07 04:45,57.8397,71.5530
2025-10-07 04:40,43.2600,62.3467
2025-10-07 04:35,27.7808,39.6194
2025-10-07 04:30,18.8336,27.8139
2025-10-07 04:25,14.9158,15.9091
2025-10-07 04:20,16.1448,12.7778
2025-10-07 04:15,24.4916,16.0606
2025-10-07 04:10,36.3906,19.5960
2025-10-07 04:05,48.4719,37.8182
2025-10-07 04:00,49.1459,51.7576
2025-10-06 19:55,42.2104,55.8400
2025-10-06 19:50,32.2166,39.8400
2025-10-06 19:45,30.2721,30.9511
2025-10-06 19:40,32.5253,25.8586
2025-10-06 19:35,35.9428,34.0067
2025-10-06 19:30,40.9652,37.7104
2025-10-06 19:25,41.3580,36.1111
2025-10-06 19:20,41.7695,49.0741
2025-10-06 19:15,34.5679,38.8889
2025-10-06 19:10,32.4790,37.3457
2025-10-06 19:05,33.9685,27.4691
2025-10-06 19:00,38.5802,32.6221
2025-10-06 18:55,38.2135,41.8143
2025-10-06 18:50,33.7762,41.3043
2025-10-06 18:45,25.2991,31.5217
2025-10-06 18:40,20.0828,28.5024
2025-10-06 18:35,16.9312,15.8730
2025-10-06 18:30,19.7354,15.8730
2025-10-06 18:25,29.1952,19.0476
2025-10-06 18:20,42.8349,24.2857
2025-10-06 18:15,60.2841,44.2524
2025-10-06 18:10,75.4420,59.9667
2025-10-06 18:05,86.4231,76.6333
2025-10-06 18:00,93.9267,89.7260
2025-10-06 17:55,97.0805,92.9100
2025-10-06 17:50,99.1748,99.1441
2025-10-06 17:45,99.2635,99.1874
2025-10-06 17:40,99.3477,99.1931
2025-10-06 17:35,99.3532,99.4102
2025-10-06 17:30,99.2720,99.4397
2025-10-06 17:25,99.2481,99.2098
2025-10-06 17:20,99.3580,99.1666
2025-10-06 17:15,99.5555,99.3678
2025-10-06 17:10,99.4456,99.5395
2025-10-06 17:05,96.1711,99.7594
2025-10-06 17:00,87.4723,99.0380
2025-10-06 16:55,73.6988,89.7160
2025-10-06 16:50,64.4280,73.6628
2025-10-06 16:45,64.6861,57.7176
2025-10-06 16:40,74.9522,61.9036
2025-10-06 16:35,84.9551,74.4371
2025-10-06 16:30,90.9959,88.5158
2025-10-06 16:25,87.9155,91.9125
2025-10-06 16:20,75.3551,92.5595
2025-10-06 16:15,57.5311,79.2745
2025-10-06 16:10,43.2838,54.2314
2025-10-06 16:05,40.4640,39.0873
2025-10-06 16:00,47.8007,36.5328
2025-10-06 15:55,53.5030,45.7719
2025-10-06 15:50,55.5247,61.0975
2025-10-06 15:45,46.2149,53.6395
2025-10-06 15:40,41.2994,51.8372
2025-10-06 15:35,39.1109,33.1680
2025-10-06 15:30,47.7407,38.8930
2025-10-06 15:25,60.7548,45.2716
2025-10-06 15:20,66.9157,59.0576
2025-10-06 15:15,63.5361,77.9353
2025-10-06 15:10,45.0822,63.7543
2025-10-06 15:05,34.4227,48.9186
2025-10-06 15:00,35.3978,22.5738
2025-10-06 14:55,53.3637,31.7758
2025-10-06 14:50,74.2142,51.8437
2025-10-06 14:45,88.7334,76.4714
2025-10-06 14:40,95.7723,94.3275
2025-10-06 14:35,91.8282,95.4013
2025-10-06 14:30,82.6774,97.5883
2025-10-06 14:25,70.0010,82.4952
2025-10-06 14:20,64.2969,67.9487
2025-10-06 14:15,68.1428,59.5590
2025-10-06 14:10,77.8529,65.3829
2025-10-06 14:05,87.6446,79.4865
2025-10-06 14:00,88.4451,88.6893
2025-10-06 13:55,80.5156,94.7579
2025-10-06 13:50,69.8231,81.8881
2025-10-06 13:45,62.7780,64.9009
2025-10-06 13:40,66.3729,62.6803
2025-10-06 13:35,70.4045,60.7530
2025-10-06 13:30,78.4562,75.6854
2025-10-06 13:25,76.1401,74.7751
2025-10-06 13:20,75.9802,84.9082
2025-10-06 13:15,73.3679,68.7371
2025-10-06 13:10,81.6290,74.2952
2025-10-06 13:05,86.3022,77.0714
2025-10-06 13:00,91.2626,93.5204
2025-10-06 12:55,85.5903,88.3147
2025-10-06 12:50,75.6764,91.9526
2025-10-06 12:45,56.1278,76.5035
2025-10-06 12:40,38.4399,58.5731
2025-10-06 12:35,23.8023,33.3068
2025-10-06 12:30,18.7914,23.4399
2025-10-06 12:25,25.5418,14.6602
2025-10-06 12:20,44.9267,18.2741
2025-10-06 12:15,68.4879,43.6911
2025-10-06 12:10,83.0801,72.8149
2025-10-06 12:05,89.1546,88.9577
2025-10-06 12:00,91.6847,87.4677
2025-10-06 11:55,94.2762,91.0384
2025-10-06 11:50,95.6319,96.5480
2025-10-06 11:45,94.4565,95.2423
2025-10-06 11:40,89.8848,95.1053
2025-10-06 11:35,79.8042,93.0220
2025-10-06 11:30,60.6661,81.5271
2025-10-06 11:25,44.4158,64.8634
2025-10-06 11:20,35.9905,35.6077
2025-10-06 11:15,46.4752,32.7763
2025-10-06 11:10,60.0045,39.5875
2025-10-06 11:05,71.6893,67.0618
2025-10-06 11:00,74.0518,73.3642
2025-10-06 10:55,78.1882,74.6419
2025-10-06 10:50,82.0408,74.1494
2025-10-06 10:45,80.4694,85.7733
2025-10-06 10:40,66.0728,86.1998
2025-10-06 10:35,48.9315,69.4350
2025-10-06 10:30,41.5500,42.5837
2025-10-06 10:25,49.0742,34.7758
2025-10-06 10:20,64.5404,47.2904
2025-10-06 10:15,77.9727,65.1562
2025-10-06 10:10,81.6403,81.1745
2025-10-06 10:05,71.5426,87.5872
2025-10-06 10:00,49.4159,76.1591
2025-10-06 09:55,27.7220,50.8814
2025-10-06 09:50,12.5190,21.2071
2025-10-06 09:45,13.9212,11.0773
2025-10-06 09:40,26.4637,5.2727
2025-10-06 09:35,50.5334,25.4134
2025-10-06 09:30,69.9323,48.7051
2025-10-06 09:25,82.4084,77.4817
2025-10-06 09:20,83.2855,83.6101
2025-10-06 09:15,80.8012,86.1333
2025-10-06 09:10,77.8611,80.1130
2025-10-06 09:05,76.4386,76.1574
2025-10-06 09:00,76.7256,77.3130
2025-10-06 08:55,76.1678,75.8455
2025-10-06 08:50,71.8249,77.0184
2025-10-06 08:45,67.1876,75.6396
2025-10-06 08:40,61.8840,62.8166
2025-10-06 08:35,65.6203,63.1067
2025-10-06 08:30,69.4794,59.7286
2025-10-06 08:25,75.2169,74.0256
2025-10-06 08:20,77.7512,74.6840
2025-10-06 08:15,81.1972,76.9410
2025-10-06 08:10,85.4121,81.6285
2025-10-06 08:05,88.4431,85.0221
2025-10-06 08:00,89.7849,89.5856
2025-10-06 07:55,89.9363,90.7215
2025-10-06 07:50,85.3280,89.0476
2025-10-06 07:45,77.9974,90.0397
2025-10-06 07:40,61.3545,76.8968
2025-10-06 07:35,44.9920,67.0556
2025-10-06 07:30,28.1665,40.1111
2025-10-06 07:25,19.0751,27.8092
2025-10-06 07:20,12.4072,16.5791
2025-10-06 07:15,14.1784,12.8369
2025-10-06 07:10,26.6262,7.8055
2025-10-06 07:05,46.3067,21.8928
2025-10-06 07:00,62.3497,50.1804
2025-10-06 06:55,66.0594,66.8470
2025-10-06 06:50,60.3674,70.0216
2025-10-06 06:45,48.4585,61.3095
2025-10-06 06:40,36.6244,49.7711
2025-10-06 06:35,28.0966,34.2949
2025-10-06 06:30,27.2832,25.8072
2025-10-06 06:25,35.8674,24.1878
2025-10-06 06:20,53.6259,31.8545
2025-10-06 06:15,74.6065,51.5601
2025-10-06 06:10,83.5636,77.4630
2025-10-06 06:05,77.3504,94.7964
2025-10-06 06:00,59.1866,78.4314
2025-10-06 05:55,45.5701,58.8235
2025-10-06 05:50,41.8882,40.3050
2025-10-06 05:45,48.1950,37.5817
2025-10-06 05:40,58.9318,47.7778
2025-10-06 05:35,69.7042,59.2256
2025-10-06 05:30,79.0176,69.7920
2025-10-06 05:25,79.3812,80.0951
2025-10-06 05:20,69.1080,87.1658
2025-10-06 05:15,49.4819,70.8827
2025-10-06 05:10,37.8064,49.2754
2025-10-06 05:05,34.5500,28.2877
2025-10-06 05:00,45.2854,35.8561
2025-10-06 04:55,56.5597,39.5062
2025-10-06 04:50,65.6767,60.4938
2025-10-06 04:45,60.9877,69.6790
2025-10-06 04:40,54.6153,66.8571
2025-10-06 04:35,55.4651,46.4270
2025-10-06 04:30,67.7279,50.5616
2025-10-06 04:25,78.4430,69.4066
2025-10-06 04:20,83.9329,83.2157
2025-10-06 04:15,82.6408,82.7067
2025-10-06 04:10,80.6432,85.8764
2025-10-06 04:05,72.6318,79.3395
2025-10-06 04:00,60.8150,76.7139
2025-10-03 19:55,42.6511,61.8421
2025-10-03 19:50,27.7350,43.8889
2025-10-03 19:45,23.6182,22.2222
2025-10-03 19:40,29.7792,17.0940
2025-10-03 19:35,39.3590,31.5385
2025-10-03 19:30,44.1239,40.7051
2025-10-03 19:25,48.6111,45.8333
2025-10-03 19:20,48.6111,45.8333
2025-10-03 19:15,43.0556,54.1667
2025-10-03 19:10,36.6667,45.8333
2025-10-03 19:05,36.9444,29.1667
2025-10-03 19:00,50.7778,35.0000
2025-10-03 18:55,61.8586,46.6667
2025-10-03 18:50,70.4646,70.6667
2025-10-03 18:45,71.1515,68.2424
2025-10-03 18:40,74.1616,72.4848
2025-10-03 18:35,73.2323,72.7273
2025-10-03 18:30,70.8081,77.2727
2025-10-03 18:25,68.3225,69.6970
2025-10-03 18:20,70.8652,65.4545
2025-10-03 18:15,70.9322,69.8160
2025-10-03 18:10,63.4959,77.3251
2025-10-03 18:05,50.4985,65.6554
2025-10-03 18:00,43.5920,47.5073
2025-10-03 17:55,42.6918,38.3328
2025-10-03 17:50,44.8633,44.9358
2025-10-03 17:45,39.9776,44.8067
2025-10-03 17:40,30.2186,44.8474
2025-10-03 17:35,15.8091,30.2787
2025-10-03 17:30,6.5115,15.5295
2025-10-03 17:25,11.2396,1.6190
2025-10-03 17:20,29.0510,2.3859
2025-10-03 17:15,55.0530,29.7139
2025-10-03 17:10,72.9098,55.0530
2025-10-03 17:05,82.2941,80.3922
2025-10-03 17:00,83.2320,83.2843
2025-10-03 16:55,83.5490,83.2059
2025-10-03 16:50,84.4698,83.2059
2025-10-03 16:45,86.8730,84.2353
2025-10-03 16:40,78.9102,85.9681
2025-10-03 16:35,61.5624,90.4154
2025-10-03 16:30,33.0063,60.3471
2025-10-03 16:25,14.5932,33.9247
2025-10-03 16:20,5.0381,4.7472
2025-10-03 16:15,5.1291,5.1078
2025-10-03 16:10,5.9950,5.2592
2025-10-03 16:05,17.1681,5.0202
2025-10-03 16:00,37.2393,7.7056
2025-10-03 15:55,59.3425,38.7784
2025-10-03 15:50,61.9651,65.2339
2025-10-03 15:45,48.3561,74.0151
2025-10-03 15:40,29.0311,46.6463
2025-10-03 15:35,21.9976,24.4069
2025-10-03 15:30,25.8333,16.0402
2025-10-03 15:25,38.1537,25.5457
2025-10-03 15:20,47.5931,35.9141
2025-10-03 15:15,53.9899,53.0013
2025-10-03 15:10,50.6991,53.8638
2025-10-03 15:05,42.2902,55.1044
2025-10-03 15:00,27.9477,43.1291
2025-10-03 14:55,15.4028,28.6369
2025-10-03 14:50,10.1191,12.0770
2025-10-03 14:45,17.0608,5.4946
2025-10-03 14:40,32.1929,12.7856
2025-10-03 14:35,50.9270,32.9023
2025-10-03 14:30,59.7634,50.8908
2025-10-03 14:25,57.8317,68.9880
2025-10-03 14:20,42.7361,59.4115
2025-10-03 14:15,33.3762,45.0957
2025-10-03 14:10,27.3769,23.7011
2025-10-03 14:05,32.3558,31.3318
2025-10-03 14:00,32.0830,27.0978
2025-10-03 13:55,34.9590,38.6378
2025-10-03 13:50,30.6314,30.5135
2025-10-03 13:45,25.4993,35.7258
2025-10-03 13:40,17.1753,25.6550
2025-10-03 13:35,10.2798,15.1171
2025-10-03 13:30,11.6839,10.7538
2025-10-03 13:25,15.8921,4.9684
2025-10-03 13:20,23.9317,19.3296
2025-10-03 13:15,23.9841,23.3784
2025-10-03 13:10,26.5922,29.0871
2025-10-03 13:05,29.8010,19.4867
2025-10-03 13:00,39.6423,31.2027
2025-10-03 12:55,41.2301,38.7137
2025-10-03 12:50,36.8600,49.0106
2025-10-03 12:45,24.8216,35.9659
2025-10-03 12:40,15.1648,25.6034
2025-10-03 12:35,8.5652,12.8955
2025-10-03 12:30,13.6218,6.9953
2025-10-03 12:25,26.6517,5.8049
2025-10-03 12:20,42.6612,28.0653
2025-10-03 12:15,46.1298,46.0848
2025-10-03 12:10,44.9368,53.8333
2025-10-03 12:05,47.8467,38.4712
2025-10-03 12:00,63.8139,42.5059
2025-10-03 11:55,79.1893,62.5632
2025-10-03 11:50,82.4755,86.3727
2025-10-03 11:45,69.6895,88.6321
2025-10-03 11:40,49.9969,72.4217
2025-10-03 11:35,37.9127,48.0146
2025-10-03 11:30,37.4634,29.5545
2025-10-03 11:25,49.1483,36.1691
2025-10-03 11:20,55.0199,46.6667
2025-10-03 11:15,53.8304,64.6091
2025-10-03 11:10,42.0804,53.7840
2025-10-03 11:05,33.2200,43.0980
2025-10-03 11:00,25.8974,29.3593
2025-10-03 10:55,22.0812,27.2028
2025-10-03 10:50,20.6971,21.1302
2025-10-03 10:45,30.5754,17.9106
2025-10-03 10:40,45.8430,23.0505
2025-10-03 10:35,60.2978,50.7649
2025-10-03 10:30,57.4223,63.7135
2025-10-03 10:25,46.0444,66.4150
2025-10-03 10:20,32.6977,42.1385
2025-10-03 10:15,36.1737,29.5798
2025-10-03 10:10,47.9715,26.3746
2025-10-03 10:05,60.1642,52.5666
2025-10-03 10:00,54.7531,64.9733
2025-10-03 09:55,43.2145,62.9526
2025-10-03 09:50,34.4165,36.3335
2025-10-03 09:45,39.8329,30.3575
2025-10-03 09:40,52.0554,36.5585
2025-10-03 09:35,66.9812,52.5826
2025-10-03 09:30,79.3109,67.0251
2025-10-03 09:25,87.8394,81.3360
2025-10-03 09:20,85.2322,89.5718
2025-10-03 09:15,76.2899,92.6106
2025-10-03 09:10,61.3765,73.5143
2025-10-03 09:05,50.6681,62.7449
2025-10-03 09:00,43.1790,47.8704
2025-10-03 08:55,43.8889,41.3889
2025-10-03 08:50,53.9983,40.2778
2025-10-03 08:45,69.1779,50.0000
2025-10-03 08:40,77.1428,71.7172
2025-10-03 08:35,74.1358,85.8165
2025-10-03 08:30,60.6177,73.8946
2025-10-03 08:25,51.4402,62.6963
2025-10-03 08:20,45.5443,45.2623
2025-10-03 08:15,43.5157,46.3621
2025-10-03 08:10,43.3390,45.0085
2025-10-03 08:05,48.3025,39.1765
2025-10-03 08:00,58.0671,45.8319
2025-10-03 07:55,61.6247,59.8990
2025-10-03 07:50,52.9994,68.4704
2025-10-03 07:45,38.1968,56.5046
2025-10-03 07:40,24.3168,34.0230
2025-10-03 07:35,17.1960,24.0627
2025-10-03 07:30,15.1207,14.8645
2025-10-03 07:25,19.5466,12.6608
2025-10-03 07:20,24.0564,17.8368
2025-10-03 07:15,25.0600,28.1423
2025-10-03 07:10,22.0504,26.1902
2025-10-03 07:05,19.8080,20.8475
2025-10-03 07:00,20.6057,19.1135
2025-10-03 06:55,25.6274,19.4630
2025-10-03 06:50,35.7789,23.2407
2025-10-03 06:45,49.5285,34.1785
2025-10-03 06:40,62.5954,49.9175
2025-10-03 06:35,71.8761,64.4894
2025-10-03 06:30,76.5104,73.3794
2025-10-03 06:25,74.7511,77.7595
2025-10-03 06:20,69.4121,78.3922
2025-10-03 06:15,66.2014,68.1015
2025-10-03 06:10,70.8508,61.7426
2025-10-03 06:05,80.6360,68.7602
2025-10-03 06:00,84.1393,82.0496
2025-10-03 05:55,80.4749,91.0981
2025-10-03 05:50,75.9316,79.2702
2025-10-03 05:45,77.7585,71.0564
2025-10-03 05:40,83.5614,77.4682
2025-10-03 05:35,85.9726,84.7507
2025-10-03 05:30,84.1382,88.4653
2025-10-03 05:25,73.9687,84.7019
2025-10-03 05:20,58.6977,79.2473
2025-10-03 05:15,42.2820,57.9570
2025-10-03 05:10,37.0370,38.8889
2025-10-03 05:05,41.1111,30.0000
2025-10-03 05:00,49.6396,42.2222
2025-10-03 04:55,52.3023,51.1111
2025-10-03 04:50,52.6827,55.5856
2025-10-03 04:45,51.8719,50.2102
2025-10-03 04:40,56.9409,52.2523
2025-10-03 04:35,64.2338,53.1532
2025-10-03 04:30,74.4186,65.4174
2025-10-03 04:25,81.8097,74.1309
2025-10-03 04:20,85.9189,83.7074
2025-10-03 04:15,87.2223,87.5907
2025-10-03 04:10,87.0061,86.4585
2025-10-03 04:05,87.6955,87.6177
2025-10-03 04:00,87.7166,86.9422
2025-10-02 19:55,89.4122,88.5266
2025-10-02 19:50,92.0290,87.6812
2025-10-02 19:45,96.1353,92.0290
2025-10-02 19:40,93.4812,96.3768
2025-10-02 19:35,84.1926,100.0000
2025-10-02 19:30,68.1407,84.0667
2025-10-02 19:25,60.2349,68.5111
2025-10-02 19:20,61.3527,51.8444
2025-10-02 19:15,70.8879,60.3492
2025-10-02 19:10,78.7177,71.8644
2025-10-02 19:05,82.2039,80.4502
2025-10-02 19:00,83.5017,83.8384
2025-10-02 18:55,81.3131,82.3232
2025-10-02 18:50,70.3704,84.3434
2025-10-02 18:45,49.6633,77.2727
2025-10-02 18:40,32.0539,49.4949
2025-10-02 18:35,34.8148,22.2222
2025-10-02 18:30,50.8333,24.4444
2025-10-02 18:25,58.2407,57.7778
2025-10-02 18:20,45.5939,70.2778
2025-10-02 18:15,26.9173,46.6667
2025-10-02 18:10,18.5434,19.8374
2025-10-02 18:05,27.5430,14.2480
2025-10-02 18:00,47.0300,21.5447
2025-10-02 17:55,72.0440,46.8364
2025-10-02 17:50,84.5958,72.7089
2025-10-02 17:45,84.1882,96.5866
2025-10-02 17:40,71.7922,84.4918
2025-10-02 17:35,64.6996,71.4862
2025-10-02 17:30,63.1888,59.3985
2025-10-02 17:25,66.8998,63.2142
2025-10-02 17:20,69.3328,66.9536
2025-10-02 17:15,73.6105,70.5317
2025-10-02 17:10,72.7899,70.5131
2025-10-02 17:05,64.2511,79.7869
2025-10-02 17:00,41.7894,68.0697
2025-10-02 16:55,19.4247,44.8967
2025-10-02 16:50,5.2385,12.4018
2025-10-02 16:45,9.1883,0.9756
2025-10-02 16:40,17.6162,2.3380
2025-10-02 16:35,26.0243,24.2513
2025-10-02 16:30,21.1004,26.2592
2025-10-02 16:25,16.2109,27.5624
2025-10-02 16:20,11.0413,9.4795
2025-10-02 16:15,20.7656,11.5907
2025-10-02 16:10,38.8517,12.0538
2025-10-02 16:05,60.7747,38.6523
2025-10-02 16:00,66.6021,65.8491
2025-10-02 15:55,53.8984,77.8226
2025-10-02 15:50,36.7749,56.1347
2025-10-02 15:45,27.8942,27.7379
2025-10-02 15:40,28.0600,26.4520
2025-10-02 15:35,25.9159,29.4925
2025-10-02 15:30,22.7859,28.2354
2025-10-02 15:25,24.2637,20.0199
2025-10-02 15:20,32.2918,20.1023
2025-10-02 15:15,45.4985,32.6690
2025-10-02 15:10,58.6120,44.1042
2025-10-02 15:05,67.2200,59.7222
2025-10-02 15:00,66.5710,72.0096
2025-10-02 14:55,58.3563,69.9281
2025-10-02 14:50,47.6520,57.7753
2025-10-02 14:45,36.4075,47.3655
2025-10-02 14:40,23.9691,37.8151
2025-10-02 14:35,15.1684,24.0419
2025-10-02 14:30,13.3685,10.0502
2025-10-02 14:25,21.1112,11.4132
2025-10-02 14:20,28.1519,18.6421
2025-10-02 14:15,30.2442,33.2783
2025-10-02 14:10,23.9783,32.5353
2025-10-02 14:05,17.0295,24.9191
2025-10-02 14:00,16.8637,14.4805
2025-10-02 13:55,22.4552,11.6889
2025-10-02 13:50,36.2492,24.4218
2025-10-02 13:45,49.3704,31.2551
2025-10-02 13:40,64.6027,53.0707
2025-10-02 13:35,70.6447,63.7854
2025-10-02 13:30,75.4542,76.9521
2025-10-02 13:25,75.8295,71.1965
2025-10-02 13:20,72.0570,78.2140
2025-10-02 13:15,58.1685,78.0780
2025-10-02 13:10,38.7227,59.8789
2025-10-02 13:05,26.7393,36.5487
2025-10-02 13:00,26.9094,19.7406
2025-10-02 12:55,37.6296,23.9286
2025-10-02 12:50,55.7115,37.0591
2025-10-02 12:45,72.6670,51.9010
2025-10-02 12:40,87.4733,78.1743
2025-10-02 12:35,93.2566,87.9256
2025-10-02 12:30,94.1989,96.3200
2025-10-02 12:25,90.2893,95.5241
2025-10-02 12:20,84.4917,90.7526
2025-10-02 12:15,80.6904,84.5912
2025-10-02 12:10,80.4955,78.1312
2025-10-02 12:05,80.3493,79.3487
2025-10-02 12:00,76.7480,84.0067
2025-10-02 11:55,70.9355,77.6927
2025-10-02 11:50,67.1085,68.5446
2025-10-02 11:45,66.3990,66.5692
2025-10-02 11:40,66.2041,66.2115
2025-10-02 11:35,68.4472,66.4163
2025-10-02 11:30,73.9399,65.9845
2025-10-02 11:25,80.5634,72.9408
2025-10-02 11:20,79.6304,82.8944
2025-10-02 11:15,69.5651,85.8550
2025-10-02 11:10,48.0207,70.1420
2025-10-02 11:05,30.8168,52.6985
2025-10-02 11:00,21.7363,21.2216
2025-10-02 10:55,29.8909,18.5302
2025-10-02 10:50,44.5231,25.4570
2025-10-02 10:45,60.0536,45.6854
2025-10-02 10:40,70.8003,62.4269
2025-10-02 10:35,75.8224,72.0487
2025-10-02 10:30,78.1187,77.9255
2025-10-02 10:25,78.4659,77.4931
2025-10-02 10:20,78.3898,78.9375
2025-10-02 10:15,76.5237,78.9671
2025-10-02 10:10,67.7367,77.2650
2025-10-02 10:05,54.4455,73.3391
2025-10-02 10:00,36.4915,52.6062
2025-10-02 09:55,25.2313,37.3912
2025-10-02 09:50,19.0777,19.4773
2025-10-02 09:45,24.3181,18.8255
2025-10-02 09:40,37.5051,18.9304
2025-10-02 09:35,58.6212,35.1984
2025-10-02 09:30,76.5050,58.3864
2025-10-02 09:25,80.5645,82.2788
2025-10-02 09:20,71.0165,88.8497
2025-10-02 09:15,56.0411,70.5650
2025-10-02 09:10,49.1360,53.6346
2025-10-02 09:05,52.4924,43.9238
2025-10-02 09:00,60.4939,49.8497
2025-10-02 08:55,70.3000,63.7038
2025-10-02 08:50,76.1079,67.9282
2025-10-02 08:45,82.0599,79.2680
2025-10-02 08:40,85.7914,81.1275
2025-10-02 08:35,89.4820,85.7843
2025-10-02 08:30,91.0616,90.4623
2025-10-02 08:25,89.8613,92.1994
2025-10-02 08:20,85.7299,90.5231
2025-10-02 08:15,83.9416,86.8613
2025-10-02 08:10,84.0700,79.8054
2025-10-02 08:05,87.4602,85.1582
2025-10-02 08:00,85.7327,87.2466
2025-10-02 07:55,81.4573,89.9758
2025-10-02 07:50,68.1320,79.9758
2025-10-02 07:45,60.5210,74.4203
2025-10-02 07:40,55.9057,50.0000
2025-10-02 07:35,68.0252,57.1429
2025-10-02 07:30,78.7162,60.5742
2025-10-02 07:25,87.1195,86.3585
2025-10-02 07:20,81.3492,89.2157
2025-10-02 07:15,71.8487,85.7843
2025-10-02 07:10,65.8730,69.0476
2025-10-02 07:05,67.2687,60.7143
2025-10-02 07:00,63.4921,67.8571
2025-10-02 06:55,52.3673,73.2348
2025-10-02 06:50,39.6415,49.3842
2025-10-02 06:45,37.8644,34.4828
2025-10-02 06:40,38.9472,35.0575
2025-10-02 06:35,34.2829,44.0530
2025-10-02 06:30,26.5927,37.7311
2025-10-02 06:25,19.1129,21.0645
2025-10-02 06:20,24.5261,20.9824
2025-10-02 06:15,36.4537,15.2917
2025-10-02 06:10,55.9427,37.3042
2025-10-02 06:05,71.2328,56.7651
2025-10-02 06:00,75.2452,73.7586
2025-10-02 05:55,68.7861,83.1746
2025-10-02 05:50,51.1147,68.8023
2025-10-02 05:45,33.1834,54.3815
2025-10-02 05:40,18.7658,30.1601
2025-10-02 05:35,12.6036,15.0086
2025-10-02 05:30,11.9364,11.1288
2025-10-02 05:25,15.2058,11.6735
2025-10-02 05:20,18.4258,13.0068
2025-10-02 05:15,26.9790,20.9371
2025-10-02 05:10,36.4938,21.3333
2025-10-02 05:05,45.5995,38.6667
2025-10-02 05:00,47.0980,49.4815
2025-10-02 04:55,41.9814,48.6504
2025-10-02 04:50,39.7533,43.1620
2025-10-02 04:45,40.1773,34.1317
2025-10-02 04:40,47.4772,41.9662
2025-10-02 04:35,54.1859,44.4341
2025-10-02 04:30,62.6342,56.0314
2025-10-02 04:25,67.6944,62.0920
2025-10-02 04:20,69.6466,69.7791
2025-10-02 04:15,69.7905,71.2121
2025-10-02 04:10,67.7106,67.9487
2025-10-02 04:05,69.4658,70.2106
2025-10-02 04:00,69.8718,64.9725
2025-10-01 19:55,70.2381,73.2143
2025-10-01 19:50,62.0076,71.4286
2025-10-01 19:45,47.8248,66.0714
2025-10-01 19:40,41.1297,48.5229
2025-10-01 19:35,48.4818,28.8801
2025-10-01 19:30,72.0513,45.9861
2025-10-01 19:25,89.9577,70.5792
2025-10-01 19:20,99.6737,99.5886
2025-10-01 19:15,98.5905,99.7052
2025-10-01 19:10,96.2997,99.7272
2025-10-01 19:05,91.8764,96.3390
2025-10-01 19:00,87.6138,92.8328
2025-10-01 18:55,80.1463,86.4574
2025-10-01 18:50,69.5470,83.5513
2025-10-01 18:45,55.1780,70.4301
2025-10-01 18:40,46.1147,54.6595
2025-10-01 18:35,47.0056,40.4444
2025-10-01 18:30,57.0495,43.2401
2025-10-01 18:25,70.7852,57.3323
2025-10-01 18:20,82.5294,70.5762
2025-10-01 18:15,88.8635,84.4472
2025-10-01 18:10,79.7605,92.5649
2025-10-01 18:05,56.9461,89.5786
2025-10-01 18:00,27.5264,57.1380
2025-10-01 17:55,8.7980,24.1216
2025-10-01 17:50,4.4990,1.3197
2025-10-01 17:45,18.7680,0.9528
2025-10-01 17:40,44.0658,11.2246
2025-10-01 17:35,73.4811,44.1268
2025-10-01 17:30,91.9123,76.8460
2025-10-01 17:25,99.3861,99.4705
2025-10-01 17:20,99.2340,99.4203
2025-10-01 17:15,99.1139,99.2673
2025-10-01 17:10,99.0087,99.0142
2025-10-01 17:05,94.9499,99.0600
2025-10-01 17:00,90.2822,98.9520
2025-10-01 16:55,85.3850,86.8376
2025-10-01 16:50,87.2111,85.0570
2025-10-01 16:45,82.5509,84.2604
2025-10-01 16:40,73.8765,92.3160
2025-10-01 16:35,58.0403,71.0764
2025-10-01 16:30,54.1066,58.2372
2025-10-01 16:25,55.9228,44.8072
2025-10-01 16:20,65.2187,59.2753
2025-10-01 16:15,69.3722,63.6859
2025-10-01 16:10,67.0271,72.6950
2025-10-01 16:05,56.4690,71.7357
2025-10-01 16:00,40.3438,56.6505
2025-10-01 15:55,26.8187,41.0208
2025-10-01 15:50,17.4947,23.3600
2025-10-01 15:45,13.4434,16.0752
2025-10-01 15:40,11.9522,13.0488
2025-10-01 15:35,9.5652,11.2060
2025-10-01 15:30,8.5459,11.6019
2025-10-01 15:25,7.3923,5.8876
2025-10-01 15:20,16.3730,8.1481
2025-10-01 15:15,27.3550,8.1411
2025-10-01 15:10,41.7575,32.8298
2025-10-01 15:05,40.5943,41.0940
2025-10-01 15:00,38.3763,51.3488
2025-10-01 14:55,36.0705,29.3402
2025-10-01 14:50,47.8431,34.4399
2025-10-01 14:45,59.7060,44.4312
2025-10-01 14:40,72.0082,64.6581
2025-10-01 14:35,80.4664,70.0285
2025-10-01 14:30,84.4722,81.3380
2025-10-01 14:25,79.9922,90.0327
2025-10-01 14:20,65.3484,82.0459
2025-10-01 14:15,48.6243,67.8981
2025-10-01 14:10,34.8792,46.1010
2025-10-01 14:05,33.4849,31.8737
2025-10-01 14:00,43.8437,26.6631
2025-10-01 13:55,57.7686,41.9181
2025-10-01 13:50,61.7888,62.9498
2025-10-01 13:45,53.6576,68.4379
2025-10-01 13:40,42.3413,53.9787
2025-10-01 13:35,39.9032,38.5561
2025-10-01 13:30,49.6964,34.4892
2025-10-01 13:25,65.6167,46.6643
2025-10-01 13:20,80.4602,67.9359
2025-10-01 13:15,81.1022,82.2499
2025-10-01 13:10,72.6277,91.1950
2025-10-01 13:05,56.3988,69.8617
2025-10-01 13:00,46.6638,56.8265
2025-10-01 12:55,39.4191,42.5083
2025-10-01 12:50,32.9368,40.6565
2025-10-01 12:45,30.2181,35.0926
2025-10-01 12:40,30.0198,23.0613
2025-10-01 12:35,38.7443,32.5003
2025-10-01 12:30,44.7714,34.4978
2025-10-01 12:25,55.8249,49.2348
2025-10-01 12:20,64.4016,50.5817
2025-10-01 12:15,75.4453,67.6582
2025-10-01 12:10,81.6558,74.9648
2025-10-01 12:05,84.9252,83.7129
2025-10-01 12:00,87.7179,86.2897
2025-10-01 11:55,87.7626,84.7731
2025-10-01 11:50,86.1753,92.0910
2025-10-01 11:45,72.6061,86.4236
2025-10-01 11:40,54.9051,80.0111
2025-10-01 11:35,32.8138,51.3837
2025-10-01 11:30,23.8455,33.3206
2025-10-01 11:25,28.2436,13.7373
2025-10-01 11:20,47.8043,24.4785
2025-10-01 11:15,68.4034,46.5151
2025-10-01 11:10,80.7028,72.4192
2025-10-01 11:05,77.0271,86.2760
2025-10-01 11:00,59.6862,83.4132
2025-10-01 10:55,33.8978,61.3919
2025-10-01 10:50,15.5747,34.2533
2025-10-01 10:45,6.2534,6.0482
2025-10-01 10:40,13.5961,6.4225
2025-10-01 10:35,28.7424,6.2896
2025-10-01 10:30,52.4682,28.0761
2025-10-01 10:25,71.7813,51.8613
2025-10-01 10:20,84.7348,77.4670
2025-10-01 10:15,84.5380,86.0155
2025-10-01 10:10,77.1426,90.7217
2025-10-01 10:05,62.9559,76.8766
2025-10-01 10:00,58.0343,63.8294
2025-10-01 09:55,60.4983,48.1616
2025-10-01 09:50,72.3825,62.1118
2025-10-01 09:45,70.6084,71.2215
2025-10-01 09:40,57.7200,83.8142
2025-10-01 09:35,31.0452,56.7893
2025-10-01 09:30,14.1219,32.5563
2025-10-01 09:25,5.2161,3.7899
2025-10-01 09:20,5.9467,6.0194
2025-10-01 09:15,10.7487,5.8390
2025-10-01 09:10,19.0889,5.9818
2025-10-01 09:05,36.6175,20.4253
2025-10-01 09:00,45.7454,30.8595
2025-10-01 08:55,49.7672,58.5678
2025-10-01 08:50,36.2606,47.8089
2025-10-01 08:45,25.2710,42.9248
2025-10-01 08:40,20.8734,18.0479
2025-10-01 08:35,34.5854,14.8402
2025-10-01 08:30,56.5050,29.7319
2025-10-01 08:25,73.2697,59.1840
2025-10-01 08:20,76.4213,80.5990
2025-10-01 08:15,74.2996,80.0259
2025-10-01 08:10,75.1117,68.6389
2025-10-01 08:05,81.4950,74.2340
2025-10-01 08:00,79.7145,82.4623
2025-10-01 07:55,66.0189,87.7888
2025-10-01 07:50,49.3933,68.8925
2025-10-01 07:45,40.9346,41.3753
2025-10-01 07:40,48.7302,37.9121
2025-10-01 07:35,59.4658,43.5165
2025-10-01 07:30,72.3413,64.7619
2025-10-01 07:25,75.1793,70.1190
2025-10-01 07:20,72.6821,82.1429
2025-10-01 07:15,62.0104,73.2759
2025-10-01 07:10,54.3135,62.6277
2025-10-01 07:05,48.7154,50.1277
2025-10-01 07:00,43.3951,50.1852
2025-10-01 06:55,39.2284,45.8333
2025-10-01 06:50,37.9917,34.1667
2025-10-01 06:45,39.3603,37.6852
2025-10-01 06:40,34.1001,42.1232
2025-10-01 06:35,22.9512,38.2726
2025-10-01 06:30,13.2317,21.9046
2025-10-01 06:25,16.0945,8.6763
2025-10-01 06:20,31.0518,9.1142
2025-10-01 06:15,53.4148,30.4931
2025-10-01 06:10,70.2360,53.5481
2025-10-01 06:05,77.0846,76.2032
2025-10-01 06:00,75.1972,80.9566
2025-10-01 05:55,69.7052,74.0939
2025-10-01 05:50,66.7186,70.5411
2025-10-01 05:45,68.0197,64.4805
2025-10-01 05:40,69.9521,65.1341
2025-10-01 05:35,70.6566,74.4444
2025-10-01 05:30,64.9916,70.2778
2025-10-01 05:25,65.1347,67.2475
2025-10-01 05:20,69.3109,57.4495
2025-10-01 05:15,78.7147,70.7071
2025-10-01 05:10,83.2616,79.7760
2025-10-01 05:05,84.8891,85.6610
2025-10-01 05:00,85.6740,84.3478
2025-10-01 04:55,81.9472,84.6584
2025-10-01 04:50,76.9264,88.0159
2025-10-01 04:45,64.2544,73.1674
2025-10-01 04:40,53.5017,69.5960
