time,Aroon Down,Aroon Up
2025-10-23 19:55,54.8000,55.4000
2025-10-23 19:50,55.0000,55.6000
2025-10-23 19:45,55.2000,55.8000
2025-10-23 19:40,55.4000,56.0000
2025-10-23 19:35,55.6000,56.2000
2025-10-23 19:30,55.8000,56.4000
2025-10-23 19:25,56.0000,56.6000
2025-10-23 19:20,56.2000,56.8000
2025-10-23 19:15,56.4000,57.0000
2025-10-23 19:10,56.6000,57.2000
2025-10-23 19:05,56.8000,57.4000
2025-10-23 19:00,57.0000,57.6000
2025-10-23 18:55,57.2000,57.8000
2025-10-23 18:50,57.4000,58.0000
2025-10-23 18:45,57.6000,58.2000
2025-10-23 18:40,57.8000,58.4000
2025-10-23 18:35,58.0000,58.6000
2025-10-23 18:30,58.2000,58.8000
2025-10-23 18:25,58.4000,59.0000
2025-10-23 18:20,58.6000,59.2000
2025-10-23 18:15,58.8000,59.4000
2025-10-23 18:10,59.0000,59.6000
2025-10-23 18:05,59.2000,59.8000
2025-10-23 18:00,59.4000,60.0000
2025-10-23 17:55,59.6000,60.2000
2025-10-23 17:50,59.8000,60.4000
2025-10-23 17:45,60.0000,60.6000
2025-10-23 17:40,60.2000,60.8000
2025-10-23 17:35,60.4000,61.0000
2025-10-23 17:30,60.6000,61.2000
2025-10-23 17:25,60.8000,61.4000
2025-10-23 17:20,61.0000,61.6000
2025-10-23 17:15,61.2000,61.8000
2025-10-23 17:10,61.4000,62.0000
2025-10-23 17:05,61.6000,62.2000
2025-10-23 17:00,61.8000,62.4000
2025-10-23 16:55,62.0000,62.6000
2025-10-23 16:50,62.2000,62.8000
2025-10-23 16:45,62.4000,63.0000
2025-10-23 16:40,62.6000,63.2000
2025-10-23 16:35,62.8000,63.4000
2025-10-23 16:30,63.0000,63.6000
2025-10-23 16:25,63.2000,63.8000
2025-10-23 16:20,63.4000,64.0000
2025-10-23 16:15,63.6000,64.2000
2025-10-23 16:10,63.8000,64.4000
2025-10-23 16:05,64.0000,64.6000
2025-10-23 16:00,64.2000,64.8000
2025-10-23 15:55,64.4000,65.0000
2025-10-23 15:50,64.6000,65.2000
2025-10-23 15:45,64.8000,65.4000
2025-10-23 15:40,65.0000,65.6000
2025-10-23 15:35,65.2000,65.8000
2025-10-23 15:30,65.4000,66.0000
2025-10-23 15:25,65.6000,66.2000
2025-10-23 15:20,65.8000,66.4000
2025-10-23 15:15,66.0000,66.6000
2025-10-23 15:10,66.2000,66.8000
2025-10-23 15:05,66.4000,67.0000
2025-10-23 15:00,66.6000,67.2000
2025-10-23 14:55,66.8000,67.4000
2025-10-23 14:50,67.0000,67.6000
2025-10-23 14:45,67.2000,67.8000
2025-10-23 14:40,67.4000,68.0000
2025-10-23 14:35,67.6000,68.2000
2025-10-23 14:30,67.8000,68.4000
2025-10-23 14:25,68.0000,68.6000
2025-10-23 14:20,68.2000,68.8000
2025-10-23 14:15,68.4000,69.0000
2025-10-23 14:10,68.6000,69.2000
2025-10-23 14:05,68.8000,69.4000
2025-10-23 14:00,69.0000,69.6000
2025-10-23 13:55,69.2000,69.8000
2025-10-23 13:50,69.4000,70.0000
2025-10-23 13:45,69.6000,70.2000
2025-10-23 13:40,69.8000,70.4000
2025-10-23 13:35,70.0000,70.6000
2025-10-23 13:30,70.2000,70.8000
2025-10-23 13:25,70.4000,71.0000
2025-10-23 13:20,70.6000,71.2000
2025-10-23 13:15,70.8000,71.4000
2025-10-23 13:10,71.0000,71.6000
2025-10-23 13:05,71.2000,71.8000
2025-10-23 13:00,71.4000,72.0000
2025-10-23 12:55,71.6000,72.2000
2025-10-23 12:50,71.8000,72.4000
2025-10-23 12:45,72.0000,72.6000
2025-10-23 12:40,72.2000,72.8000
2025-10-23 12:35,72.4000,73.0000
2025-10-23 12:30,0.0000,73.2000
2025-10-23 12:25,0.2000,73.4000
2025-10-23 12:20,0.4000,73.6000
2025-10-23 12:15,0.6000,73.8000
2025-10-23 12:10,0.8000,74.0000
2025-10-23 12:05,1.0000,74.2000
2025-10-23 12:00,1.2000,74.4000
2025-10-23 11:55,1.4000,74.6000
2025-10-23 11:50,1.6000,74.8000
2025-10-23 11:45,1.8000,75.0000
2025-10-23 11:40,2.0000,75.2000
2025-10-23 11:35,2.2000,75.4000
2025-10-23 11:30,2.4000,75.6000
2025-10-23 11:25,2.6000,75.8000
2025-10-23 11:20,2.8000,76.0000
2025-10-23 11:15,3.0000,76.2000
2025-10-23 11:10,0.0000,76.4000
2025-10-23 11:05,0.2000,76.6000
2025-10-23 11:00,0.4000,76.8000
2025-10-23 10:55,0.6000,77.0000
2025-10-23 10:50,0.8000,77.2000
2025-10-23 10:45,1.0000,77.4000
2025-10-23 10:40,1.2000,77.6000
2025-10-23 10:35,1.4000,77.8000
2025-10-23 10:30,1.6000,78.0000
2025-10-23 10:25,1.8000,78.2000
2025-10-23 10:20,2.0000,78.4000
2025-10-23 10:15,2.2000,78.6000
2025-10-23 10:10,2.4000,78.8000
2025-10-23 10:05,2.6000,79.0000
2025-10-23 10:00,2.8000,79.2000
2025-10-23 09:55,3.0000,79.4000
2025-10-23 09:50,3.2000,79.6000
2025-10-23 09:45,3.4000,79.8000
2025-10-23 09:40,3.6000,80.0000
2025-10-23 09:35,3.8000,80.2000
2025-10-23 09:30,4.0000,80.4000
2025-10-23 09:25,4.2000,80.6000
2025-10-23 09:20,4.4000,80.8000
2025-10-23 09:15,4.6000,81.0000
2025-10-23 09:10,4.8000,81.2000
2025-10-23 09:05,5.0000,81.4000
2025-10-23 09:00,5.2000,81.6000
2025-10-23 08:55,5.4000,81.8000
2025-10-23 08:50,5.6000,82.0000
2025-10-23 08:45,5.8000,82.2000
2025-10-23 08:40,6.0000,82.4000
2025-10-23 08:35,6.2000,82.6000
2025-10-23 08:30,6.4000,82.8000
2025-10-23 08:25,6.6000,83.0000
2025-10-23 08:20,6.8000,83.2000
2025-10-23 08:15,7.0000,83.4000
2025-10-23 08:10,7.2000,83.6000
2025-10-23 08:05,7.4000,83.8000
2025-10-23 08:00,7.6000,84.0000
2025-10-23 07:55,7.8000,84.2000
2025-10-23 07:50,8.0000,84.4000
2025-10-23 07:45,8.2000,84.6000
2025-10-23 07:40,8.4000,84.8000
2025-10-23 07:35,8.6000,85.0000
2025-10-23 07:30,8.8000,85.2000
2025-10-23 07:25,9.0000,85.4000
2025-10-23 07:20,9.2000,85.6000
2025-10-23 07:15,9.4000,85.8000
2025-10-23 07:10,9.6000,86.0000
2025-10-23 07:05,9.8000,86.2000
2025-10-23 07:00,10.0000,86.4000
2025-10-23 06:55,10.2000,86.6000
2025-10-23 06:50,10.4000,86.8000
2025-10-23 06:45,10.6000,87.0000
2025-10-23 06:40,10.8000,87.2000
2025-10-23 06:35,11.0000,87.4000
2025-10-23 06:30,11.2000,87.6000
2025-10-23 06:25,11.4000,87.8000
2025-10-23 06:20,11.6000,88.0000
2025-10-23 06:15,11.8000,88.2000
2025-10-23 06:10,12.0000,88.4000
2025-10-23 06:05,12.2000,88.6000
2025-10-23 06:00,12.4000,88.8000
2025-10-23 05:55,12.6000,89.0000
2025-10-23 05:50,12.8000,89.2000
2025-10-23 05:45,13.0000,89.4000
2025-10-23 05:40,13.2000,89.6000
2025-10-23 05:35,13.4000,89.8000
2025-10-23 05:30,13.6000,90.0000
2025-10-23 05:25,13.8000,90.2000
2025-10-23 05:20,14.0000,90.4000
2025-10-23 05:15,14.2000,90.6000
2025-10-23 05:10,14.4000,90.8000
2025-10-23 05:05,14.6000,91.0000
2025-10-23 05:00,14.8000,91.2000
2025-10-23 04:55,15.0000,91.4000
2025-10-23 04:50,15.2000,91.6000
2025-10-23 04:45,15.4000,91.8000
2025-10-23 04:40,15.6000,92.0000
2025-10-23 04:35,15.8000,92.2000
2025-10-23 04:30,16.0000,92.4000
2025-10-23 04:25,16.2000,92.6000
2025-10-23 04:20,16.4000,92.8000
2025-10-23 04:15,16.6000,93.0000
2025-10-23 04:10,16.8000,93.2000
2025-10-23 04:05,17.0000,93.4000
2025-10-23 04:00,17.2000,93.6000
2025-10-22 19:55,17.4000,93.8000
2025-10-22 19:50,17.6000,94.0000
2025-10-22 19:45,17.8000,94.2000
2025-10-22 19:40,18.0000,94.4000
2025-10-22 19:35,18.2000,94.6000
2025-10-22 19:30,18.4000,94.8000
2025-10-22 19:25,18.6000,95.0000
2025-10-22 19:20,18.8000,95.2000
2025-10-22 19:15,19.0000,95.4000
2025-10-22 19:10,19.2000,95.6000
2025-10-22 19:05,19.4000,95.8000
2025-10-22 19:00,19.6000,96.0000
2025-10-22 18:55,19.8000,96.2000
2025-10-22 18:50,20.0000,96.4000
2025-10-22 18:45,20.2000,96.6000
2025-10-22 18:40,20.4000,96.8000
2025-10-22 18:35,20.6000,97.0000
2025-10-22 18:30,20.8000,97.2000
2025-10-22 18:25,21.0000,97.4000
2025-10-22 18:20,21.2000,97.6000
2025-10-22 18:15,21.4000,97.8000
2025-10-22 18:10,21.6000,98.0000
2025-10-22 18:05,21.8000,98.2000
2025-10-22 18:00,22.0000,98.4000
2025-10-22 17:55,22.2000,98.6000
2025-10-22 17:50,22.4000,98.8000
2025-10-22 17:45,22.6000,99.0000
2025-10-22 17:40,22.8000,99.2000
2025-10-22 17:35,23.0000,99.4000
2025-10-22 17:30,23.2000,99.6000
2025-10-22 17:25,23.4000,99.8000
2025-10-22 17:20,23.6000,100.0000
2025-10-22 17:15,23.8000,98.8000
2025-10-22 17:10,24.0000,99.0000
2025-10-22 17:05,24.2000,99.2000
2025-10-22 17:00,24.4000,99.4000
2025-10-22 16:55,24.6000,99.6000
2025-10-22 16:50,24.8000,99.8000
2025-10-22 16:45,25.0000,100.0000
2025-10-22 16:40,25.2000,52.0000
2025-10-22 16:35,25.4000,52.2000
2025-10-22 16:30,25.6000,52.4000
2025-10-22 16:25,25.8000,52.6000
2025-10-22 16:20,26.0000,52.8000
2025-10-22 16:15,26.2000,53.0000
2025-10-22 16:10,26.4000,53.2000
2025-10-22 16:05,26.6000,53.4000
2025-10-22 16:00,26.8000,53.6000
2025-10-22 15:55,27.0000,53.8000
2025-10-22 15:50,27.2000,54.0000
2025-10-22 15:45,27.4000,54.2000
2025-10-22 15:40,27.6000,54.4000
2025-10-22 15:35,27.8000,54.6000
2025-10-22 15:30,28.0000,54.8000
2025-10-22 15:25,28.2000,55.0000
2025-10-22 15:20,28.4000,55.2000
2025-10-22 15:15,28.6000,55.4000
2025-10-22 15:10,28.8000,55.6000
2025-10-22 15:05,29.0000,55.8000
2025-10-22 15:00,29.2000,56.0000
2025-10-22 14:55,29.4000,56.2000
2025-10-22 14:50,29.6000,56.4000
2025-10-22 14:45,29.8000,56.6000
2025-10-22 14:40,30.0000,56.8000
2025-10-22 14:35,30.2000,57.0000
2025-10-22 14:30,30.4000,57.2000
2025-10-22 14:25,30.6000,57.4000
2025-10-22 14:20,30.8000,57.6000
2025-10-22 14:15,31.0000,57.8000
2025-10-22 14:10,31.2000,58.0000
2025-10-22 14:05,31.4000,58.2000
2025-10-22 14:00,31.6000,58.4000
2025-10-22 13:55,31.8000,58.6000
2025-10-22 13:50,32.0000,58.8000
2025-10-22 13:45,32.2000,59.0000
2025-10-22 13:40,32.4000,59.2000
2025-10-22 13:35,32.6000,59.4000
2025-10-22 13:30,32.8000,59.6000
2025-10-22 13:25,33.0000,59.8000
2025-10-22 13:20,33.2000,60.0000
2025-10-22 13:15,33.4000,60.2000
2025-10-22 13:10,33.6000,60.4000
2025-10-22 13:05,33.8000,60.6000
2025-10-22 13:00,34.0000,60.8000
2025-10-22 12:55,34.2000,61.0000
2025-10-22 12:50,34.4000,61.2000
2025-10-22 12:45,34.6000,61.4000
2025-10-22 12:40,34.8000,61.6000
2025-10-22 12:35,35.0000,61.8000
2025-10-22 12:30,35.2000,62.0000
2025-10-22 12:25,35.4000,62.2000
2025-10-22 12:20,35.6000,62.4000
2025-10-22 12:15,35.8000,62.6000
2025-10-22 12:10,36.0000,62.8000
2025-10-22 12:05,36.2000,63.0000
2025-10-22 12:00,36.4000,63.2000
2025-10-22 11:55,36.6000,63.4000
2025-10-22 11:50,36.8000,63.6000
2025-10-22 11:45,37.0000,63.8000
2025-10-22 11:40,37.2000,64.0000
2025-10-22 11:35,37.4000,64.2000
2025-10-22 11:30,37.6000,64.4000
2025-10-22 11:25,37.8000,64.6000
2025-10-22 11:20,38.0000,64.8000
2025-10-22 11:15,38.2000,65.0000
2025-10-22 11:10,38.4000,65.2000
2025-10-22 11:05,38.6000,65.4000
2025-10-22 11:00,38.8000,65.6000
2025-10-22 10:55,39.0000,65.8000
2025-10-22 10:50,39.2000,66.0000
2025-10-22 10:45,39.4000,66.2000
2025-10-22 10:40,39.6000,66.4000
2025-10-22 10:35,39.8000,66.6000
2025-10-22 10:30,40.0000,66.8000
2025-10-22 10:25,40.2000,67.0000
2025-10-22 10:20,40.4000,67.2000
2025-10-22 10:15,40.6000,67.4000
2025-10-22 10:10,40.8000,67.6000
2025-10-22 10:05,41.0000,67.8000
2025-10-22 10:00,41.2000,68.0000
2025-10-22 09:55,41.4000,68.2000
2025-10-22 09:50,41.6000,68.4000
2025-10-22 09:45,41.8000,68.6000
2025-10-22 09:40,42.0000,68.8000
2025-10-22 09:35,42.2000,69.0000
2025-10-22 09:30,42.4000,69.2000
2025-10-22 09:25,42.6000,69.4000
2025-10-22 09:20,42.8000,69.6000
2025-10-22 09:15,43.0000,69.8000
2025-10-22 09:10,43.2000,70.0000
2025-10-22 09:05,43.4000,70.2000
2025-10-22 09:00,43.6000,70.4000
2025-10-22 08:55,43.8000,70.6000
2025-10-22 08:50,44.0000,70.8000
2025-10-22 08:45,44.2000,71.0000
2025-10-22 08:40,44.4000,71.2000
2025-10-22 08:35,44.6000,71.4000
2025-10-22 08:30,44.8000,71.6000
2025-10-22 08:25,45.0000,71.8000
2025-10-22 08:20,45.2000,72.0000
2025-10-22 08:15,45.4000,72.2000
2025-10-22 08:10,45.6000,72.4000
2025-10-22 08:05,45.8000,72.6000
2025-10-22 08:00,46.0000,72.8000
2025-10-22 07:55,46.2000,73.0000
2025-10-22 07:50,46.4000,73.2000
2025-10-22 07:45,46.6000,73.4000
2025-10-22 07:40,46.8000,73.6000
2025-10-22 07:35,47.0000,73.8000
2025-10-22 07:30,47.2000,74.0000
2025-10-22 07:25,47.4000,74.2000
2025-10-22 07:20,47.6000,74.4000
2025-10-22 07:15,47.8000,74.6000
2025-10-22 07:10,48.0000,74.8000
2025-10-22 07:05,48.2000,75.0000
2025-10-22 07:00,48.4000,75.2000
2025-10-22 06:55,48.6000,75.4000
2025-10-22 06:50,48.8000,75.6000
2025-10-22 06:45,49.0000,75.8000
2025-10-22 06:40,49.2000,76.0000
2025-10-22 06:35,49.4000,76.2000
2025-10-22 06:30,49.6000,76.4000
2025-10-22 06:25,49.8000,76.6000
2025-10-22 06:20,50.0000,76.8000
2025-10-22 06:15,50.2000,77.0000
2025-10-22 06:10,50.4000,77.2000
2025-10-22 06:05,50.6000,77.4000
2025-10-22 06:00,50.8000,77.6000
2025-10-22 05:55,51.0000,77.8000
2025-10-22 05:50,51.2000,78.0000
2025-10-22 05:45,51.4000,78.2000
2025-10-22 05:40,51.6000,78.4000
2025-10-22 05:35,51.8000,78.6000
2025-10-22 05:30,52.0000,78.8000
2025-10-22 05:25,52.2000,79.0000
2025-10-22 05:20,52.4000,79.2000
2025-10-22 05:15,52.6000,79.4000
2025-10-22 05:10,52.8000,79.6000
2025-10-22 05:05,53.0000,79.8000
2025-10-22 05:00,53.2000,80.0000
2025-10-22 04:55,53.4000,80.2000
2025-10-22 04:50,53.6000,80.4000
2025-10-22 04:45,53.8000,80.6000
2025-10-22 04:40,54.0000,80.8000
2025-10-22 04:35,54.2000,81.0000
2025-10-22 04:30,54.4000,81.2000
2025-10-22 04:25,54.6000,81.4000
2025-10-22 04:20,54.8000,81.6000
2025-10-22 04:15,55.0000,81.8000
2025-10-22 04:10,55.2000,82.0000
2025-10-22 04:05,55.4000,82.2000
2025-10-22 04:00,55.6000,82.4000
2025-10-21 19:55,55.8000,82.6000
2025-10-21 19:50,56.0000,82.8000
2025-10-21 19:45,56.2000,83.0000
2025-10-21 19:40,56.4000,83.2000
2025-10-21 19:35,56.6000,83.4000
2025-10-21 19:30,56.8000,83.6000
2025-10-21 19:25,57.0000,83.8000
2025-10-21 19:20,57.2000,84.0000
2025-10-21 19:15,57.4000,84.2000
2025-10-21 19:10,57.6000,84.4000
2025-10-21 19:05,57.8000,84.6000
2025-10-21 19:00,58.0000,84.8000
2025-10-21 18:55,58.2000,85.0000
2025-10-21 18:50,58.4000,85.2000
2025-10-21 18:45,58.6000,85.4000
2025-10-21 18:40,58.8000,85.6000
2025-10-21 18:35,59.0000,85.8000
2025-10-21 18:30,59.2000,86.0000
2025-10-21 18:25,59.4000,86.2000
2025-10-21 18:20,59.6000,86.4000
2025-10-21 18:15,59.8000,86.6000
2025-10-21 18:10,60.0000,86.8000
2025-10-21 18:05,60.2000,87.0000
2025-10-21 18:00,60.4000,87.2000
2025-10-21 17:55,60.6000,87.4000
2025-10-21 17:50,60.8000,87.6000
2025-10-21 17:45,61.0000,87.8000
2025-10-21 17:40,61.2000,88.0000
2025-10-21 17:35,61.4000,88.2000
2025-10-21 17:30,61.6000,88.4000
2025-10-21 17:25,61.8000,88.6000
2025-10-21 17:20,62.0000,88.8000
2025-10-21 17:15,62.2000,89.0000
2025-10-21 17:10,62.4000,89.2000
2025-10-21 17:05,62.6000,89.4000
2025-10-21 17:00,62.8000,89.6000
2025-10-21 16:55,63.0000,89.8000
2025-10-21 16:50,63.2000,90.0000
2025-10-21 16:45,63.4000,90.2000
2025-10-21 16:40,63.6000,90.4000
2025-10-21 16:35,63.8000,90.6000
2025-10-21 16:30,64.0000,90.8000
2025-10-21 16:25,64.2000,91.0000
2025-10-21 16:20,64.4000,91.2000
2025-10-21 16:15,64.6000,91.4000
2025-10-21 16:10,64.8000,91.6000
2025-10-21 16:05,65.0000,91.8000
2025-10-21 16:00,65.2000,92.0000
2025-10-21 15:55,65.4000,92.2000
2025-10-21 15:50,65.6000,92.4000
2025-10-21 15:45,65.8000,92.6000
2025-10-21 15:40,66.0000,92.8000
2025-10-21 15:35,66.2000,93.0000
2025-10-21 15:30,66.4000,93.2000
2025-10-21 15:25,66.6000,93.4000
2025-10-21 15:20,66.8000,93.6000
2025-10-21 15:15,67.0000,93.8000
2025-10-21 15:10,67.2000,94.0000
2025-10-21 15:05,67.4000,94.2000
2025-10-21 15:00,67.6000,94.4000
2025-10-21 14:55,67.8000,94.6000
2025-10-21 14:50,68.0000,94.8000
2025-10-21 14:45,68.2000,95.0000
2025-10-21 14:40,68.4000,95.2000
2025-10-21 14:35,68.6000,95.4000
2025-10-21 14:30,68.8000,95.6000
2025-10-21 14:25,69.0000,95.8000
2025-10-21 14:20,69.2000,96.0000
2025-10-21 14:15,69.4000,96.2000
2025-10-21 14:10,69.6000,96.4000
2025-10-21 14:05,69.8000,96.6000
2025-10-21 14:00,70.0000,96.8000
2025-10-21 13:55,70.2000,97.0000
2025-10-21 13:50,70.4000,97.2000
2025-10-21 13:45,70.6000,97.4000
2025-10-21 13:40,70.8000,97.6000
2025-10-21 13:35,71.0000,97.8000
2025-10-21 13:30,71.2000,98.0000
2025-10-21 13:25,71.4000,98.2000
2025-10-21 13:20,71.6000,98.4000
2025-10-21 13:15,71.8000,98.6000
2025-10-21 13:10,72.0000,98.8000
2025-10-21 13:05,72.2000,99.0000
2025-10-21 13:00,72.4000,99.2000
2025-10-21 12:55,72.6000,99.4000
2025-10-21 12:50,72.8000,99.6000
2025-10-21 12:45,73.0000,99.8000
2025-10-21 12:40,73.2000,100.0000
2025-10-21 12:35,73.4000,99.4000
2025-10-21 12:30,73.6000,99.6000
2025-10-21 12:25,73.8000,99.8000
2025-10-21 12:20,74.0000,100.0000
2025-10-21 12:15,74.2000,100.0000
2025-10-21 12:10,74.4000,99.0000
2025-10-21 12:05,74.6000,99.2000
2025-10-21 12:00,74.8000,99.4000
2025-10-21 11:55,75.0000,99.6000
2025-10-21 11:50,75.2000,99.8000
2025-10-21 11:45,75.4000,100.0000
2025-10-21 11:40,75.6000,98.8000
2025-10-21 11:35,75.8000,99.0000
2025-10-21 11:30,76.0000,99.2000
2025-10-21 11:25,76.2000,99.4000
2025-10-21 11:20,76.4000,99.6000
2025-10-21 11:15,76.6000,99.8000
2025-10-21 11:10,76.8000,100.0000
2025-10-21 11:05,77.0000,98.4000
2025-10-21 11:00,77.2000,98.6000
2025-10-21 10:55,77.4000,98.8000
2025-10-21 10:50,77.6000,99.0000
2025-10-21 10:45,77.8000,99.2000
2025-10-21 10:40,78.0000,99.4000
2025-10-21 10:35,78.2000,99.6000
2025-10-21 10:30,78.4000,99.8000
2025-10-21 10:25,78.6000,100.0000
2025-10-21 10:20,78.8000,100.0000
2025-10-21 10:15,79.0000,79.4000
2025-10-21 10:10,79.2000,79.6000
2025-10-21 10:05,79.4000,79.8000
2025-10-21 10:00,79.6000,80.0000
2025-10-21 09:55,79.8000,80.2000
2025-10-21 09:50,80.0000,80.4000
2025-10-21 09:45,80.2000,80.6000
2025-10-21 09:40,80.4000,80.8000
2025-10-21 09:35,80.6000,81.0000
2025-10-21 09:30,80.8000,81.2000
2025-10-21 09:25,81.0000,81.4000
2025-10-21 09:20,81.2000,81.6000
2025-10-21 09:15,81.4000,81.8000
2025-10-21 09:10,81.6000,82.0000
2025-10-21 09:05,81.8000,82.2000
2025-10-21 09:00,82.0000,82.4000
2025-10-21 08:55,82.2000,82.6000
2025-10-21 08:50,82.4000,82.8000
2025-10-21 08:45,82.6000,83.0000
2025-10-21 08:40,82.8000,83.2000
2025-10-21 08:35,83.0000,83.4000
2025-10-21 08:30,83.2000,83.6000
2025-10-21 08:25,83.4000,83.8000
2025-10-21 08:20,83.6000,84.0000
2025-10-21 08:15,83.8000,84.2000
2025-10-21 08:10,84.0000,84.4000
2025-10-21 08:05,84.2000,84.6000
2025-10-21 08:00,84.4000,84.8000
2025-10-21 07:55,84.6000,85.0000
2025-10-21 07:50,84.8000,85.2000
2025-10-21 07:45,85.0000,85.4000
2025-10-21 07:40,85.2000,85.6000
2025-10-21 07:35,85.4000,85.8000
2025-10-21 07:30,85.6000,86.0000
2025-10-21 07:25,85.8000,86.2000
2025-10-21 07:20,86.0000,86.4000
2025-10-21 07:15,86.2000,86.6000
2025-10-21 07:10,86.4000,86.8000
2025-10-21 07:05,86.6000,87.0000
2025-10-21 07:00,86.8000,87.2000
2025-10-21 06:55,87.0000,87.4000
2025-10-21 06:50,87.2000,87.6000
2025-10-21 06:45,87.4000,87.8000
2025-10-21 06:40,87.6000,88.0000
2025-10-21 06:35,87.8000,88.2000
2025-10-21 06:30,88.0000,88.4000
2025-10-21 06:25,88.2000,88.6000
2025-10-21 06:20,88.4000,88.8000
2025-10-21 06:15,88.6000,89.0000
2025-10-21 06:10,88.8000,89.2000
2025-10-21 06:05,89.0000,89.4000
2025-10-21 06:00,89.2000,89.6000
2025-10-21 05:55,89.4000,89.8000
2025-10-21 05:50,89.6000,90.0000
2025-10-21 05:45,89.8000,90.2000
2025-10-21 05:40,90.0000,90.4000
2025-10-21 05:35,90.2000,90.6000
2025-10-21 05:30,90.4000,90.8000
2025-10-21 05:25,90.6000,91.0000
2025-10-21 05:20,90.8000,91.2000
2025-10-21 05:15,91.0000,91.4000
2025-10-21 05:10,91.2000,91.6000
2025-10-21 05:05,91.4000,91.8000
2025-10-21 05:00,91.6000,92.0000
2025-10-21 04:55,91.8000,92.2000
2025-10-21 04:50,92.0000,92.4000
2025-10-21 04:45,92.2000,92.6000
2025-10-21 04:40,92.4000,92.8000
2025-10-21 04:35,92.6000,93.0000
2025-10-21 04:30,92.8000,93.2000
2025-10-21 04:25,93.0000,93.4000
2025-10-21 04:20,93.2000,93.6000
2025-10-21 04:15,93.4000,93.8000
2025-10-21 04:10,93.6000,94.0000
2025-10-21 04:05,93.8000,94.2000
2025-10-21 04:00,94.0000,94.4000
2025-10-20 19:55,94.2000,94.6000
2025-10-20 19:50,94.4000,94.8000
2025-10-20 19:45,94.6000,95.0000
2025-10-20 19:40,94.8000,95.2000
2025-10-20 19:35,95.0000,95.4000
2025-10-20 19:30,95.2000,95.6000
2025-10-20 19:25,95.4000,95.8000
2025-10-20 19:20,95.6000,96.0000
2025-10-20 19:15,95.8000,96.2000
2025-10-20 19:10,96.0000,96.4000
2025-10-20 19:05,96.2000,96.6000
2025-10-20 19:00,96.4000,96.8000
2025-10-20 18:55,96.6000,97.0000
2025-10-20 18:50,96.8000,97.2000
2025-10-20 18:45,97.0000,97.4000
2025-10-20 18:40,97.2000,97.6000
2025-10-20 18:35,97.4000,97.8000
2025-10-20 18:30,97.6000,98.0000
2025-10-20 18:25,97.8000,98.2000
2025-10-20 18:20,98.0000,98.4000
2025-10-20 18:15,98.2000,98.6000
2025-10-20 18:10,98.4000,98.8000
2025-10-20 18:05,98.6000,99.0000
2025-10-20 18:00,98.8000,99.2000
2025-10-20 17:55,99.0000,99.4000
2025-10-20 17:50,99.2000,99.6000
2025-10-20 17:45,99.4000,99.8000
2025-10-20 17:40,99.6000,100.0000
2025-10-20 17:35,99.8000,61.8000
2025-10-20 17:30,100.0000,62.0000
2025-10-20 17:25,23.0000,62.2000
2025-10-20 17:20,23.2000,62.4000
2025-10-20 17:15,23.4000,62.6000
2025-10-20 17:10,23.6000,62.8000
2025-10-20 17:05,23.8000,63.0000
2025-10-20 17:00,24.0000,63.2000
2025-10-20 16:55,24.2000,63.4000
2025-10-20 16:50,24.4000,63.6000
2025-10-20 16:45,24.6000,63.8000
2025-10-20 16:40,24.8000,64.0000
2025-10-20 16:35,25.0000,64.2000
2025-10-20 16:30,25.2000,64.4000
2025-10-20 16:25,25.4000,64.6000
2025-10-20 16:20,25.6000,64.8000
2025-10-20 16:15,25.8000,65.0000
2025-10-20 16:10,26.0000,65.2000
2025-10-20 16:05,26.2000,65.4000
2025-10-20 16:00,26.4000,65.6000
2025-10-20 15:55,26.6000,65.8000
2025-10-20 15:50,26.8000,66.0000
2025-10-20 15:45,27.0000,66.2000
2025-10-20 15:40,27.2000,66.4000
2025-10-20 15:35,27.4000,66.6000
2025-10-20 15:30,27.6000,66.8000
2025-10-20 15:25,27.8000,67.0000
2025-10-20 15:20,28.0000,67.2000
2025-10-20 15:15,28.2000,67.4000
2025-10-20 15:10,28.4000,67.6000
2025-10-20 15:05,28.6000,67.8000
2025-10-20 15:00,28.8000,68.0000
2025-10-20 14:55,29.0000,68.2000
2025-10-20 14:50,29.2000,68.4000
2025-10-20 14:45,29.4000,68.6000
2025-10-20 14:40,29.6000,68.8000
2025-10-20 14:35,29.8000,69.0000
2025-10-20 14:30,30.0000,69.2000
2025-10-20 14:25,30.2000,69.4000
2025-10-20 14:20,30.4000,69.6000
2025-10-20 14:15,30.6000,69.8000
2025-10-20 14:10,30.8000,70.0000
2025-10-20 14:05,31.0000,70.2000
2025-10-20 14:00,31.2000,70.4000
2025-10-20 13:55,31.4000,70.6000
2025-10-20 13:50,31.6000,70.8000
2025-10-20 13:45,31.8000,71.0000
2025-10-20 13:40,32.0000,71.2000
2025-10-20 13:35,32.2000,71.4000
2025-10-20 13:30,32.4000,71.6000
2025-10-20 13:25,32.6000,71.8000
2025-10-20 13:20,32.8000,72.0000
2025-10-20 13:15,33.0000,72.2000
2025-10-20 13:10,33.2000,72.4000
2025-10-20 13:05,33.4000,72.6000
2025-10-20 13:00,33.6000,72.8000
2025-10-20 12:55,33.8000,73.0000
2025-10-20 12:50,34.0000,73.2000
2025-10-20 12:45,34.2000,73.4000
2025-10-20 12:40,34.4000,73.6000
2025-10-20 12:35,34.6000,73.8000
2025-10-20 12:30,34.8000,74.0000
2025-10-20 12:25,35.0000,74.2000
2025-10-20 12:20,35.2000,74.4000
2025-10-20 12:15,35.4000,74.6000
2025-10-20 12:10,35.6000,74.8000
2025-10-20 12:05,35.8000,75.0000
2025-10-20 12:00,36.0000,75.2000
2025-10-20 11:55,36.2000,75.4000
2025-10-20 11:50,36.4000,75.6000
2025-10-20 11:45,36.6000,75.8000
2025-10-20 11:40,36.8000,76.0000
2025-10-20 11:35,37.0000,76.2000
2025-10-20 11:30,37.2000,76.4000
2025-10-20 11:25,37.4000,76.6000
2025-10-20 11:20,37.6000,76.8000
2025-10-20 11:15,37.8000,77.0000
2025-10-20 11:10,38.0000,77.2000
2025-10-20 11:05,38.2000,77.4000
2025-10-20 11:00,38.4000,77.6000
2025-10-20 10:55,38.6000,77.8000
2025-10-20 10:50,38.8000,78.0000
2025-10-20 10:45,39.0000,78.2000
2025-10-20 10:40,39.2000,78.4000
2025-10-20 10:35,39.4000,78.6000
2025-10-20 10:30,39.6000,78.8000
2025-10-20 10:25,39.8000,79.0000
2025-10-20 10:20,40.0000,79.2000
2025-10-20 10:15,40.2000,79.4000
2025-10-20 10:10,40.4000,79.6000
2025-10-20 10:05,40.6000,79.8000
2025-10-20 10:00,40.8000,80.0000
2025-10-20 09:55,41.0000,80.2000
2025-10-20 09:50,41.2000,80.4000
2025-10-20 09:45,41.4000,80.6000
2025-10-20 09:40,41.6000,80.8000
2025-10-20 09:35,41.8000,81.0000
2025-10-20 09:30,42.0000,81.2000
2025-10-20 09:25,42.2000,81.4000
2025-10-20 09:20,42.4000,81.6000
2025-10-20 09:15,42.6000,81.8000
2025-10-20 09:10,42.8000,82.0000
2025-10-20 09:05,43.0000,82.2000
2025-10-20 09:00,43.2000,82.4000
2025-10-20 08:55,43.4000,82.6000
2025-10-20 08:50,43.6000,82.8000
2025-10-20 08:45,43.8000,83.0000
2025-10-20 08:40,44.0000,83.2000
2025-10-20 08:35,44.2000,83.4000
2025-10-20 08:30,44.4000,83.6000
2025-10-20 08:25,44.6000,83.8000
2025-10-20 08:20,44.8000,84.0000
2025-10-20 08:15,45.0000,84.2000
2025-10-20 08:10,45.2000,84.4000
2025-10-20 08:05,45.4000,84.6000
2025-10-20 08:00,45.6000,84.8000
2025-10-20 07:55,45.8000,85.0000
2025-10-20 07:50,46.0000,85.2000
2025-10-20 07:45,46.2000,85.4000
2025-10-20 07:40,46.4000,85.6000
2025-10-20 07:35,46.6000,85.8000
2025-10-20 07:30,46.8000,86.0000
2025-10-20 07:25,47.0000,86.2000
2025-10-20 07:20,47.2000,86.4000
2025-10-20 07:15,47.4000,86.6000
2025-10-20 07:10,47.6000,86.8000
2025-10-20 07:05,47.8000,87.0000
2025-10-20 07:00,48.0000,87.2000
2025-10-20 06:55,48.2000,87.4000
2025-10-20 06:50,48.4000,87.6000
2025-10-20 06:45,48.6000,87.8000
2025-10-20 06:40,48.8000,88.0000
2025-10-20 06:35,49.0000,88.2000
2025-10-20 06:30,49.2000,88.4000
2025-10-20 06:25,49.4000,88.6000
2025-10-20 06:20,49.6000,88.8000
2025-10-20 06:15,49.8000,89.0000
2025-10-20 06:10,50.0000,89.2000
2025-10-20 06:05,50.2000,89.4000
2025-10-20 06:00,50.4000,89.6000
2025-10-20 05:55,50.6000,89.8000
2025-10-20 05:50,50.8000,90.0000
2025-10-20 05:45,51.0000,90.2000
2025-10-20 05:40,51.2000,90.4000
2025-10-20 05:35,51.4000,90.6000
2025-10-20 05:30,51.6000,90.8000
2025-10-20 05:25,51.8000,91.0000
2025-10-20 05:20,52.0000,91.2000
2025-10-20 05:15,52.2000,91.4000
2025-10-20 05:10,52.4000,91.6000
2025-10-20 05:05,52.6000,91.8000
2025-10-20 05:00,52.8000,92.0000
2025-10-20 04:55,53.0000,92.2000
2025-10-20 04:50,53.2000,92.4000
2025-10-20 04:45,53.4000,92.6000
2025-10-20 04:40,53.6000,92.8000
2025-10-20 04:35,53.8000,93.0000
2025-10-20 04:30,54.0000,93.2000
2025-10-20 04:25,54.2000,93.4000
2025-10-20 04:20,54.4000,93.6000
2025-10-20 04:15,54.6000,93.8000
2025-10-20 04:10,54.8000,94.0000
2025-10-20 04:05,55.0000,94.2000
2025-10-20 04:00,55.2000,94.4000
2025-10-17 19:55,55.4000,94.6000
2025-10-17 19:50,55.6000,94.8000
2025-10-17 19:45,55.8000,95.0000
2025-10-17 19:40,56.0000,95.2000
2025-10-17 19:35,56.2000,95.4000
2025-10-17 19:30,56.4000,95.6000
2025-10-17 19:25,56.6000,95.8000
2025-10-17 19:20,56.8000,96.0000
2025-10-17 19:15,57.0000,96.2000
2025-10-17 19:10,57.2000,96.4000
2025-10-17 19:05,57.4000,96.6000
2025-10-17 19:00,57.6000,96.8000
2025-10-17 18:55,57.8000,97.0000
2025-10-17 18:50,58.0000,97.2000
2025-10-17 18:45,58.2000,97.4000
2025-10-17 18:40,58.4000,97.6000
2025-10-17 18:35,58.6000,97.8000
2025-10-17 18:30,58.8000,98.0000
2025-10-17 18:25,59.0000,98.2000
2025-10-17 18:20,59.2000,98.4000
2025-10-17 18:15,59.4000,98.6000
2025-10-17 18:10,59.6000,98.8000
2025-10-17 18:05,59.8000,99.0000
2025-10-17 18:00,60.0000,99.2000
2025-10-17 17:55,60.2000,99.4000
2025-10-17 17:50,60.4000,99.6000
2025-10-17 17:45,60.6000,99.8000
2025-10-17 17:40,60.8000,100.0000
2025-10-17 17:35,61.0000,98.0000
2025-10-17 17:30,61.2000,98.2000
2025-10-17 17:25,61.4000,98.4000
2025-10-17 17:20,61.6000,98.6000
2025-10-17 17:15,61.8000,98.8000
2025-10-17 17:10,62.0000,99.0000
2025-10-17 17:05,62.2000,99.2000
2025-10-17 17:00,62.4000,99.4000
2025-10-17 16:55,62.6000,99.6000
2025-10-17 16:50,62.8000,99.8000
2025-10-17 16:45,63.0000,100.0000
2025-10-17 16:40,63.2000,45.0000
2025-10-17 16:35,63.4000,45.2000
2025-10-17 16:30,63.6000,45.4000
2025-10-17 16:25,63.8000,45.6000
2025-10-17 16:20,64.0000,45.8000
2025-10-17 16:15,64.2000,46.0000
2025-10-17 16:10,64.4000,46.2000
2025-10-17 16:05,64.6000,46.4000
2025-10-17 16:00,64.8000,46.6000
2025-10-17 15:55,65.0000,46.8000
2025-10-17 15:50,65.2000,47.0000
2025-10-17 15:45,65.4000,47.2000
2025-10-17 15:40,65.6000,47.4000
2025-10-17 15:35,65.8000,47.6000
2025-10-17 15:30,66.0000,47.8000
2025-10-17 15:25,66.2000,48.0000
2025-10-17 15:20,66.4000,48.2000
2025-10-17 15:15,66.6000,48.4000
2025-10-17 15:10,66.8000,48.6000
2025-10-17 15:05,67.0000,48.8000
2025-10-17 15:00,67.2000,49.0000
2025-10-17 14:55,67.4000,49.2000
2025-10-17 14:50,67.6000,49.4000
2025-10-17 14:45,67.8000,49.6000
2025-10-17 14:40,68.0000,49.8000
2025-10-17 14:35,68.2000,50.0000
2025-10-17 14:30,68.4000,50.2000
2025-10-17 14:25,68.6000,50.4000
2025-10-17 14:20,68.8000,50.6000
2025-10-17 14:15,69.0000,50.8000
2025-10-17 14:10,69.2000,51.0000
2025-10-17 14:05,69.4000,51.2000
2025-10-17 14:00,69.6000,51.4000
2025-10-17 13:55,69.8000,51.6000
2025-10-17 13:50,70.0000,51.8000
2025-10-17 13:45,70.2000,52.0000
2025-10-17 13:40,70.4000,52.2000
2025-10-17 13:35,70.6000,52.4000
2025-10-17 13:30,70.8000,52.6000
2025-10-17 13:25,71.0000,52.8000
2025-10-17 13:20,71.2000,53.0000
2025-10-17 13:15,71.4000,53.2000
2025-10-17 13:10,71.6000,53.4000
2025-10-17 13:05,71.8000,53.6000
2025-10-17 13:00,72.0000,53.8000
2025-10-17 12:55,72.2000,54.0000
2025-10-17 12:50,72.4000,54.2000
2025-10-17 12:45,72.6000,54.4000
2025-10-17 12:40,72.8000,54.6000
2025-10-17 12:35,73.0000,54.8000
2025-10-17 12:30,73.2000,55.0000
2025-10-17 12:25,73.4000,55.2000
2025-10-17 12:20,73.6000,55.4000
2025-10-17 12:15,73.8000,55.6000
2025-10-17 12:10,74.0000,55.8000
2025-10-17 12:05,74.2000,56.0000
2025-10-17 12:00,74.4000,56.2000
2025-10-17 11:55,74.6000,56.4000
2025-10-17 11:50,74.8000,56.6000
2025-10-17 11:45,75.0000,56.8000
2025-10-17 11:40,75.2000,57.0000
2025-10-17 11:35,75.4000,57.2000
2025-10-17 11:30,75.6000,57.4000
2025-10-17 11:25,75.8000,57.6000
2025-10-17 11:20,76.0000,57.8000
2025-10-17 11:15,76.2000,58.0000
2025-10-17 11:10,76.4000,0.0000
2025-10-17 11:05,76.6000,0.2000
2025-10-17 11:00,76.8000,0.4000
2025-10-17 10:55,77.0000,0.6000
2025-10-17 10:50,77.2000,0.8000
2025-10-17 10:45,77.4000,1.0000
2025-10-17 10:40,77.6000,1.2000
2025-10-17 10:35,77.8000,1.4000
2025-10-17 10:30,78.0000,1.6000
2025-10-17 10:25,78.2000,1.8000
2025-10-17 10:20,78.4000,2.0000
2025-10-17 10:15,78.6000,2.2000
2025-10-17 10:10,78.8000,2.4000
2025-10-17 10:05,79.0000,2.6000
2025-10-17 10:00,79.2000,2.8000
2025-10-17 09:55,79.4000,3.0000
2025-10-17 09:50,79.6000,3.2000
2025-10-17 09:45,79.8000,3.4000
2025-10-17 09:40,80.0000,3.6000
2025-10-17 09:35,80.2000,3.8000
2025-10-17 09:30,80.4000,4.0000
2025-10-17 09:25,80.6000,4.2000
2025-10-17 09:20,80.8000,4.4000
2025-10-17 09:15,81.0000,4.6000
2025-10-17 09:10,81.2000,4.8000
2025-10-17 09:05,81.4000,5.0000
2025-10-17 09:00,81.6000,5.2000
2025-10-17 08:55,81.8000,5.4000
2025-10-17 08:50,82.0000,5.6000
2025-10-17 08:45,82.2000,5.8000
2025-10-17 08:40,82.4000,6.0000
2025-10-17 08:35,82.6000,6.2000
2025-10-17 08:30,82.8000,6.4000
2025-10-17 08:25,83.0000,6.6000
2025-10-17 08:20,83.2000,6.8000
2025-10-17 08:15,83.4000,7.0000
2025-10-17 08:10,83.6000,7.2000
2025-10-17 08:05,83.8000,7.4000
2025-10-17 08:00,84.0000,7.6000
2025-10-17 07:55,84.2000,7.8000
2025-10-17 07:50,84.4000,8.0000
2025-10-17 07:45,84.6000,8.2000
2025-10-17 07:40,84.8000,8.4000
2025-10-17 07:35,85.0000,8.6000
2025-10-17 07:30,85.2000,8.8000
2025-10-17 07:25,85.4000,9.0000
2025-10-17 07:20,85.6000,9.2000
2025-10-17 07:15,85.8000,9.4000
2025-10-17 07:10,86.0000,9.6000
2025-10-17 07:05,86.2000,9.8000
2025-10-17 07:00,86.4000,10.0000
2025-10-17 06:55,86.6000,10.2000
2025-10-17 06:50,86.8000,10.4000
2025-10-17 06:45,87.0000,10.6000
2025-10-17 06:40,87.2000,10.8000
2025-10-17 06:35,87.4000,11.0000
2025-10-17 06:30,87.6000,11.2000
2025-10-17 06:25,87.8000,11.4000
2025-10-17 06:20,88.0000,11.6000
2025-10-17 06:15,88.2000,11.8000
2025-10-17 06:10,88.4000,12.0000
2025-10-17 06:05,88.6000,12.2000
2025-10-17 06:00,88.8000,12.4000
2025-10-17 05:55,89.0000,12.6000
2025-10-17 05:50,89.2000,12.8000
2025-10-17 05:45,89.4000,13.0000
2025-10-17 05:40,89.6000,13.2000
2025-10-17 05:35,89.8000,13.4000
2025-10-17 05:30,90.0000,13.6000
2025-10-17 05:25,90.2000,13.8000
2025-10-17 05:20,90.4000,14.0000
2025-10-17 05:15,90.6000,14.2000
2025-10-17 05:10,90.8000,14.4000
2025-10-17 05:05,91.0000,14.6000
2025-10-17 05:00,91.2000,14.8000
2025-10-17 04:55,91.4000,15.0000
2025-10-17 04:50,91.6000,15.2000
2025-10-17 04:45,91.8000,15.4000
2025-10-17 04:40,92.0000,15.6000
2025-10-17 04:35,92.2000,15.8000
2025-10-17 04:30,92.4000,16.0000
2025-10-17 04:25,92.6000,16.2000
2025-10-17 04:20,92.8000,16.4000
2025-10-17 04:15,93.0000,16.6000
2025-10-17 04:10,93.2000,16.8000
2025-10-17 04:05,93.4000,17.0000
2025-10-17 04:00,93.6000,17.2000
2025-10-16 19:55,93.8000,17.4000
2025-10-16 19:50,94.0000,17.6000
2025-10-16 19:45,94.2000,17.8000
2025-10-16 19:40,94.4000,18.0000
2025-10-16 19:35,94.6000,18.2000
2025-10-16 19:30,94.8000,18.4000
2025-10-16 19:25,95.0000,18.6000
2025-10-16 19:20,95.2000,18.8000
2025-10-16 19:15,95.4000,19.0000
2025-10-16 19:10,95.6000,19.2000
2025-10-16 19:05,95.8000,19.4000
2025-10-16 19:00,96.0000,19.6000
2025-10-16 18:55,96.2000,19.8000
2025-10-16 18:50,96.4000,20.0000
2025-10-16 18:45,96.6000,20.2000
2025-10-16 18:40,96.8000,0.0000
2025-10-16 18:35,97.0000,0.2000
2025-10-16 18:30,97.2000,0.4000
2025-10-16 18:25,97.4000,0.6000
2025-10-16 18:20,97.6000,0.8000
2025-10-16 18:15,97.8000,1.0000
2025-10-16 18:10,98.0000,1.2000
2025-10-16 18:05,98.2000,1.4000
2025-10-16 18:00,98.4000,1.6000
2025-10-16 17:55,98.6000,1.8000
2025-10-16 17:50,98.8000,2.0000
2025-10-16 17:45,99.0000,2.2000
2025-10-16 17:40,99.2000,2.4000
2025-10-16 17:35,99.4000,2.6000
2025-10-16 17:30,99.6000,2.8000
2025-10-16 17:25,99.8000,3.0000
2025-10-16 17:20,100.0000,3.2000
2025-10-16 17:15,99.8000,3.4000
2025-10-16 17:10,100.0000,3.6000
2025-10-16 17:05,100.0000,3.8000
2025-10-16 17:00,99.6000,4.0000
2025-10-16 16:55,99.8000,4.2000
2025-10-16 16:50,100.0000,4.4000
2025-10-16 16:45,62.4000,4.6000
2025-10-16 16:40,62.6000,4.8000
2025-10-16 16:35,62.8000,5.0000
2025-10-16 16:30,63.0000,5.2000
2025-10-16 16:25,63.2000,5.4000
2025-10-16 16:20,63.4000,5.6000
2025-10-16 16:15,63.6000,5.8000
2025-10-16 16:10,63.8000,6.0000
2025-10-16 16:05,64.0000,6.2000
2025-10-16 16:00,64.2000,6.4000
2025-10-16 15:55,64.4000,6.6000
2025-10-16 15:50,64.6000,6.8000
2025-10-16 15:45,64.8000,7.0000
2025-10-16 15:40,65.0000,7.2000
2025-10-16 15:35,65.2000,7.4000
2025-10-16 15:30,65.4000,7.6000
2025-10-16 15:25,65.6000,7.8000
2025-10-16 15:20,65.8000,8.0000
2025-10-16 15:15,66.0000,8.2000
2025-10-16 15:10,66.2000,8.4000
2025-10-16 15:05,66.4000,8.6000
2025-10-16 15:00,66.6000,8.8000
2025-10-16 14:55,66.8000,9.0000
2025-10-16 14:50,67.0000,9.2000
2025-10-16 14:45,67.2000,9.4000
2025-10-16 14:40,67.4000,9.6000
2025-10-16 14:35,67.6000,9.8000
2025-10-16 14:30,67.8000,10.0000
2025-10-16 14:25,68.0000,10.2000
2025-10-16 14:20,68.2000,10.4000
2025-10-16 14:15,68.4000,10.6000
2025-10-16 14:10,68.6000,10.8000
2025-10-16 14:05,68.8000,11.0000
2025-10-16 14:00,69.0000,11.2000
2025-10-16 13:55,69.2000,11.4000
2025-10-16 13:50,69.4000,11.6000
2025-10-16 13:45,69.6000,11.8000
2025-10-16 13:40,69.8000,12.0000
2025-10-16 13:35,70.0000,12.2000
2025-10-16 13:30,70.2000,12.4000
2025-10-16 13:25,70.4000,12.6000
2025-10-16 13:20,70.6000,12.8000
2025-10-16 13:15,70.8000,13.0000
2025-10-16 13:10,71.0000,13.2000
2025-10-16 13:05,71.2000,13.4000
2025-10-16 13:00,71.4000,13.6000
2025-10-16 12:55,71.6000,13.8000
2025-10-16 12:50,71.8000,14.0000
2025-10-16 12:45,72.0000,14.2000
2025-10-16 12:40,72.2000,14.4000
2025-10-16 12:35,72.4000,14.6000
2025-10-16 12:30,72.6000,14.8000
2025-10-16 12:25,72.8000,15.0000
2025-10-16 12:20,73.0000,15.2000
2025-10-16 12:15,73.2000,15.4000
2025-10-16 12:10,73.4000,15.6000
2025-10-16 12:05,73.6000,15.8000
2025-10-16 12:00,73.8000,16.0000
2025-10-16 11:55,74.0000,16.2000
2025-10-16 11:50,74.2000,16.4000
2025-10-16 11:45,74.4000,16.6000
2025-10-16 11:40,74.6000,16.8000
2025-10-16 11:35,74.8000,17.0000
2025-10-16 11:30,75.0000,17.2000
2025-10-16 11:25,75.2000,17.4000
2025-10-16 11:20,75.4000,17.6000
2025-10-16 11:15,75.6000,17.8000
2025-10-16 11:10,75.8000,18.0000
2025-10-16 11:05,76.0000,18.2000
2025-10-16 11:00,76.2000,18.4000
2025-10-16 10:55,76.4000,18.6000
2025-10-16 10:50,76.6000,18.8000
2025-10-16 10:45,76.8000,19.0000
2025-10-16 10:40,77.0000,19.2000
2025-10-16 10:35,77.2000,19.4000
2025-10-16 10:30,77.4000,19.6000
2025-10-16 10:25,77.6000,19.8000
2025-10-16 10:20,77.8000,20.0000
2025-10-16 10:15,78.0000,20.2000
2025-10-16 10:10,78.2000,20.4000
2025-10-16 10:05,78.4000,20.6000
2025-10-16 10:00,78.6000,20.8000
2025-10-16 09:55,78.8000,21.0000
2025-10-16 09:50,79.0000,21.2000
2025-10-16 09:45,79.2000,21.4000
2025-10-16 09:40,79.4000,21.6000
2025-10-16 09:35,79.6000,21.8000
2025-10-16 09:30,79.8000,22.0000
2025-10-16 09:25,80.0000,22.2000
2025-10-16 09:20,80.2000,22.4000
2025-10-16 09:15,80.4000,22.6000
2025-10-16 09:10,80.6000,22.8000
2025-10-16 09:05,80.8000,23.0000
2025-10-16 09:00,81.0000,23.2000
2025-10-16 08:55,81.2000,23.4000
2025-10-16 08:50,81.4000,23.6000
2025-10-16 08:45,81.6000,23.8000
2025-10-16 08:40,81.8000,24.0000
2025-10-16 08:35,82.0000,24.2000
2025-10-16 08:30,82.2000,24.4000
2025-10-16 08:25,82.4000,24.6000
2025-10-16 08:20,82.6000,24.8000
2025-10-16 08:15,82.8000,25.0000
2025-10-16 08:10,83.0000,25.2000
2025-10-16 08:05,83.2000,25.4000
2025-10-16 08:00,83.4000,25.6000
2025-10-16 07:55,83.6000,25.8000
2025-10-16 07:50,83.8000,26.0000
2025-10-16 07:45,84.0000,26.2000
2025-10-16 07:40,84.2000,26.4000
2025-10-16 07:35,84.4000,26.6000
2025-10-16 07:30,84.6000,26.8000
2025-10-16 07:25,84.8000,27.0000
2025-10-16 07:20,85.0000,27.2000
2025-10-16 07:15,85.2000,27.4000
2025-10-16 07:10,85.4000,27.6000
2025-10-16 07:05,85.6000,27.8000
2025-10-16 07:00,85.8000,28.0000
2025-10-16 06:55,86.0000,28.2000
2025-10-16 06:50,86.2000,28.4000
2025-10-16 06:45,86.4000,28.6000
2025-10-16 06:40,86.6000,28.8000
2025-10-16 06:35,86.8000,29.0000
2025-10-16 06:30,87.0000,29.2000
2025-10-16 06:25,87.2000,29.4000
2025-10-16 06:20,87.4000,29.6000
2025-10-16 06:15,87.6000,29.8000
2025-10-16 06:10,87.8000,30.0000
2025-10-16 06:05,88.0000,30.2000
2025-10-16 06:00,88.2000,30.4000
2025-10-16 05:55,88.4000,30.6000
2025-10-16 05:50,88.6000,30.8000
2025-10-16 05:45,88.8000,31.0000
2025-10-16 05:40,89.0000,31.2000
2025-10-16 05:35,89.2000,31.4000
2025-10-16 05:30,89.4000,31.6000
2025-10-16 05:25,89.6000,31.8000
2025-10-16 05:20,89.8000,32.0000
2025-10-16 05:15,90.0000,32.2000
2025-10-16 05:10,90.2000,32.4000
2025-10-16 05:05,90.4000,32.6000
2025-10-16 05:00,90.6000,32.8000
2025-10-16 04:55,90.8000,33.0000
2025-10-16 04:50,91.0000,33.2000
2025-10-16 04:45,91.2000,33.4000
2025-10-16 04:40,91.4000,33.6000
2025-10-16 04:35,91.6000,33.8000
2025-10-16 04:30,91.8000,34.0000
2025-10-16 04:25,92.0000,34.2000
2025-10-16 04:20,92.2000,34.4000
2025-10-16 04:15,92.4000,34.6000
2025-10-16 04:10,92.6000,34.8000
2025-10-16 04:05,92.8000,35.0000
2025-10-16 04:00,93.0000,35.2000
2025-10-15 19:55,93.2000,35.4000
2025-10-15 19:50,93.4000,35.6000
2025-10-15 19:45,93.6000,35.8000
2025-10-15 19:40,93.8000,36.0000
2025-10-15 19:35,94.0000,36.2000
2025-10-15 19:30,94.2000,36.4000
2025-10-15 19:25,94.4000,36.6000
2025-10-15 19:20,94.6000,36.8000
2025-10-15 19:15,94.8000,37.0000
2025-10-15 19:10,95.0000,37.2000
2025-10-15 19:05,95.2000,37.4000
2025-10-15 19:00,95.4000,37.6000
2025-10-15 18:55,95.6000,37.8000
2025-10-15 18:50,95.8000,38.0000
2025-10-15 18:45,96.0000,38.2000
2025-10-15 18:40,96.2000,38.4000
2025-10-15 18:35,96.4000,38.6000
2025-10-15 18:30,96.6000,38.8000
2025-10-15 18:25,96.8000,39.0000
2025-10-15 18:20,97.0000,39.2000
2025-10-15 18:15,97.2000,39.4000
2025-10-15 18:10,97.4000,39.6000
2025-10-15 18:05,97.6000,39.8000
2025-10-15 18:00,97.8000,40.0000
2025-10-15 17:55,98.0000,40.2000
2025-10-15 17:50,98.2000,40.4000
2025-10-15 17:45,98.4000,40.6000
2025-10-15 17:40,98.6000,40.8000
2025-10-15 17:35,98.8000,41.0000
2025-10-15 17:30,99.0000,41.2000
2025-10-15 17:25,99.2000,41.4000
2025-10-15 17:20,99.4000,41.6000
2025-10-15 17:15,99.6000,41.8000
2025-10-15 17:10,99.8000,42.0000
2025-10-15 17:05,100.0000,42.2000
2025-10-15 17:00,100.0000,42.4000
2025-10-15 16:55,99.6000,42.6000
2025-10-15 16:50,99.8000,42.8000
2025-10-15 16:45,100.0000,43.0000
2025-10-15 16:40,100.0000,43.2000
2025-10-15 16:35,62.8000,43.4000
2025-10-15 16:30,63.0000,43.6000
2025-10-15 16:25,63.2000,43.8000
2025-10-15 16:20,63.4000,44.0000
2025-10-15 16:15,63.6000,44.2000
2025-10-15 16:10,63.8000,44.4000
2025-10-15 16:05,64.0000,44.6000
2025-10-15 16:00,64.2000,44.8000
2025-10-15 15:55,64.4000,45.0000
2025-10-15 15:50,64.6000,45.2000
2025-10-15 15:45,64.8000,45.4000
2025-10-15 15:40,65.0000,45.6000
2025-10-15 15:35,65.2000,45.8000
2025-10-15 15:30,65.4000,46.0000
2025-10-15 15:25,65.6000,46.2000
2025-10-15 15:20,65.8000,46.4000
2025-10-15 15:15,66.0000,46.6000
2025-10-15 15:10,66.2000,46.8000
2025-10-15 15:05,66.4000,47.0000
2025-10-15 15:00,66.6000,47.2000
2025-10-15 14:55,66.8000,47.4000
2025-10-15 14:50,67.0000,47.6000
2025-10-15 14:45,67.2000,47.8000
2025-10-15 14:40,67.4000,48.0000
2025-10-15 14:35,67.6000,48.2000
2025-10-15 14:30,67.8000,48.4000
2025-10-15 14:25,68.0000,48.6000
2025-10-15 14:20,68.2000,48.8000
2025-10-15 14:15,68.4000,49.0000
2025-10-15 14:10,68.6000,49.2000
2025-10-15 14:05,68.8000,49.4000
2025-10-15 14:00,69.0000,49.6000
2025-10-15 13:55,69.2000,49.8000
2025-10-15 13:50,69.4000,50.0000
2025-10-15 13:45,69.6000,50.2000
2025-10-15 13:40,69.8000,50.4000
2025-10-15 13:35,70.0000,50.6000
2025-10-15 13:30,70.2000,50.8000
2025-10-15 13:25,70.4000,51.0000
2025-10-15 13:20,70.6000,51.2000
2025-10-15 13:15,70.8000,51.4000
2025-10-15 13:10,71.0000,51.6000
2025-10-15 13:05,71.2000,51.8000
2025-10-15 13:00,71.4000,52.0000
2025-10-15 12:55,71.6000,52.2000
2025-10-15 12:50,71.8000,52.4000
2025-10-15 12:45,72.0000,52.6000
2025-10-15 12:40,72.2000,52.8000
2025-10-15 12:35,72.4000,53.0000
2025-10-15 12:30,72.6000,53.2000
2025-10-15 12:25,72.8000,53.4000
2025-10-15 12:20,73.0000,53.6000
2025-10-15 12:15,73.2000,53.8000
2025-10-15 12:10,73.4000,54.0000
2025-10-15 12:05,73.6000,54.2000
2025-10-15 12:00,73.8000,54.4000
2025-10-15 11:55,74.0000,54.6000
2025-10-15 11:50,0.0000,54.8000
2025-10-15 11:45,0.0000,55.0000
2025-10-15 11:40,0.0000,55.2000
2025-10-15 11:35,0.0000,55.4000
2025-10-15 11:30,0.2000,55.6000
2025-10-15 11:25,0.4000,55.8000
2025-10-15 11:20,0.6000,56.0000
2025-10-15 11:15,0.8000,56.2000
2025-10-15 11:10,1.0000,56.4000
2025-10-15 11:05,1.2000,56.6000
2025-10-15 11:00,1.4000,56.8000
2025-10-15 10:55,1.6000,57.0000
2025-10-15 10:50,1.8000,57.2000
2025-10-15 10:45,2.0000,57.4000
2025-10-15 10:40,2.2000,57.6000
2025-10-15 10:35,2.4000,57.8000
2025-10-15 10:30,2.6000,58.0000
2025-10-15 10:25,2.8000,58.2000
2025-10-15 10:20,3.0000,58.4000
2025-10-15 10:15,3.2000,58.6000
2025-10-15 10:10,3.4000,58.8000
2025-10-15 10:05,3.6000,59.0000
2025-10-15 10:00,3.8000,59.2000
2025-10-15 09:55,4.0000,59.4000
2025-10-15 09:50,4.2000,59.6000
2025-10-15 09:45,4.4000,59.8000
2025-10-15 09:40,4.6000,60.0000
2025-10-15 09:35,4.8000,60.2000
2025-10-15 09:30,5.0000,60.4000
2025-10-15 09:25,5.2000,60.6000
2025-10-15 09:20,5.4000,60.8000
2025-10-15 09:15,5.6000,61.0000
2025-10-15 09:10,5.8000,61.2000
2025-10-15 09:05,6.0000,61.4000
2025-10-15 09:00,6.2000,61.6000
2025-10-15 08:55,6.4000,61.8000
2025-10-15 08:50,6.6000,62.0000
2025-10-15 08:45,6.8000,62.2000
2025-10-15 08:40,7.0000,62.4000
2025-10-15 08:35,7.2000,62.6000
2025-10-15 08:30,7.4000,62.8000
2025-10-15 08:25,7.6000,63.0000
2025-10-15 08:20,7.8000,63.2000
2025-10-15 08:15,8.0000,63.4000
2025-10-15 08:10,8.2000,63.6000
2025-10-15 08:05,8.4000,63.8000
2025-10-15 08:00,8.6000,64.0000
2025-10-15 07:55,8.8000,64.2000
2025-10-15 07:50,9.0000,64.4000
2025-10-15 07:45,9.2000,64.6000
2025-10-15 07:40,9.4000,64.8000
2025-10-15 07:35,9.6000,65.0000
2025-10-15 07:30,9.8000,65.2000
2025-10-15 07:25,10.0000,65.4000
2025-10-15 07:20,10.2000,65.6000
2025-10-15 07:15,10.4000,65.8000
2025-10-15 07:10,10.6000,66.0000
2025-10-15 07:05,10.8000,66.2000
2025-10-15 07:00,11.0000,66.4000
2025-10-15 06:55,11.2000,66.6000
2025-10-15 06:50,11.4000,66.8000
2025-10-15 06:45,11.6000,67.0000
2025-10-15 06:40,11.8000,67.2000
2025-10-15 06:35,12.0000,67.4000
2025-10-15 06:30,12.2000,67.6000
2025-10-15 06:25,12.4000,67.8000
2025-10-15 06:20,12.6000,68.0000
2025-10-15 06:15,12.8000,68.2000
2025-10-15 06:10,13.0000,68.4000
2025-10-15 06:05,13.2000,68.6000
2025-10-15 06:00,13.4000,68.8000
2025-10-15 05:55,13.6000,69.0000
2025-10-15 05:50,13.8000,69.2000
2025-10-15 05:45,14.0000,69.4000
2025-10-15 05:40,14.2000,69.6000
2025-10-15 05:35,14.4000,69.8000
2025-10-15 05:30,14.6000,70.0000
2025-10-15 05:25,14.8000,70.2000
2025-10-15 05:20,15.0000,70.4000
2025-10-15 05:15,15.2000,70.6000
2025-10-15 05:10,15.4000,70.8000
2025-10-15 05:05,15.6000,71.0000
2025-10-15 05:00,15.8000,71.2000
2025-10-15 04:55,16.0000,71.4000
2025-10-15 04:50,16.2000,71.6000
2025-10-15 04:45,16.4000,71.8000
2025-10-15 04:40,16.6000,72.0000
2025-10-15 04:35,16.8000,72.2000
2025-10-15 04:30,17.0000,72.4000
2025-10-15 04:25,17.2000,72.6000
2025-10-15 04:20,17.4000,72.8000
2025-10-15 04:15,17.6000,73.0000
2025-10-15 04:10,17.8000,73.2000
2025-10-15 04:05,18.0000,73.4000
2025-10-15 04:00,18.2000,73.6000
2025-10-14 19:55,18.4000,73.8000
2025-10-14 19:50,18.6000,74.0000
2025-10-14 19:45,18.8000,74.2000
2025-10-14 19:40,19.0000,74.4000
2025-10-14 19:35,19.2000,74.6000
2025-10-14 19:30,19.4000,74.8000
2025-10-14 19:25,19.6000,75.0000
2025-10-14 19:20,19.8000,75.2000
2025-10-14 19:15,20.0000,75.4000
2025-10-14 19:10,20.2000,75.6000
2025-10-14 19:05,20.4000,75.8000
2025-10-14 19:00,20.6000,76.0000
2025-10-14 18:55,20.8000,76.2000
2025-10-14 18:50,21.0000,76.4000
2025-10-14 18:45,21.2000,76.6000
2025-10-14 18:40,21.4000,76.8000
2025-10-14 18:35,21.6000,77.0000
2025-10-14 18:30,21.8000,77.2000
2025-10-14 18:25,22.0000,77.4000
2025-10-14 18:20,22.2000,77.6000
2025-10-14 18:15,22.4000,77.8000
2025-10-14 18:10,22.6000,78.0000
2025-10-14 18:05,22.8000,78.2000
2025-10-14 18:00,23.0000,78.4000
2025-10-14 17:55,23.2000,78.6000
2025-10-14 17:50,23.4000,78.8000
2025-10-14 17:45,23.6000,79.0000
2025-10-14 17:40,23.8000,79.2000
2025-10-14 17:35,24.0000,79.4000
2025-10-14 17:30,24.2000,79.6000
2025-10-14 17:25,24.4000,79.8000
2025-10-14 17:20,24.6000,80.0000
2025-10-14 17:15,24.8000,80.2000
2025-10-14 17:10,25.0000,80.4000
2025-10-14 17:05,25.2000,80.6000
2025-10-14 17:00,25.4000,80.8000
2025-10-14 16:55,25.6000,81.0000
2025-10-14 16:50,25.8000,81.2000
2025-10-14 16:45,26.0000,81.4000
2025-10-14 16:40,26.2000,81.6000
2025-10-14 16:35,26.4000,81.8000
2025-10-14 16:30,26.6000,82.0000
2025-10-14 16:25,26.8000,82.2000
2025-10-14 16:20,27.0000,82.4000
2025-10-14 16:15,27.2000,82.6000
2025-10-14 16:10,27.4000,82.8000
2025-10-14 16:05,27.6000,83.0000
2025-10-14 16:00,27.8000,83.2000
2025-10-14 15:55,28.0000,83.4000
2025-10-14 15:50,28.2000,83.6000
2025-10-14 15:45,28.4000,83.8000
2025-10-14 15:40,28.6000,84.0000
2025-10-14 15:35,28.8000,84.2000
2025-10-14 15:30,29.0000,84.4000
2025-10-14 15:25,29.2000,84.6000
2025-10-14 15:20,29.4000,84.8000
2025-10-14 15:15,29.6000,85.0000
2025-10-14 15:10,29.8000,85.2000
2025-10-14 15:05,30.0000,85.4000
2025-10-14 15:00,30.2000,85.6000
2025-10-14 14:55,30.4000,85.8000
2025-10-14 14:50,30.6000,86.0000
2025-10-14 14:45,30.8000,86.2000
2025-10-14 14:40,31.0000,86.4000
2025-10-14 14:35,31.2000,86.6000
2025-10-14 14:30,31.4000,86.8000
2025-10-14 14:25,31.6000,87.0000
2025-10-14 14:20,31.8000,87.2000
2025-10-14 14:15,32.0000,87.4000
2025-10-14 14:10,32.2000,87.6000
2025-10-14 14:05,32.4000,87.8000
2025-10-14 14:00,32.6000,88.0000
2025-10-14 13:55,32.8000,88.2000
2025-10-14 13:50,33.0000,88.4000
2025-10-14 13:45,33.2000,88.6000
2025-10-14 13:40,33.4000,88.8000
2025-10-14 13:35,33.6000,89.0000
2025-10-14 13:30,33.8000,89.2000
2025-10-14 13:25,34.0000,89.4000
2025-10-14 13:20,34.2000,89.6000
2025-10-14 13:15,34.4000,89.8000
2025-10-14 13:10,34.6000,90.0000
2025-10-14 13:05,34.8000,90.2000
2025-10-14 13:00,35.0000,90.4000
2025-10-14 12:55,35.2000,90.6000
2025-10-14 12:50,35.4000,90.8000
2025-10-14 12:45,35.6000,91.0000
2025-10-14 12:40,35.8000,91.2000
2025-10-14 12:35,36.0000,91.4000
2025-10-14 12:30,36.2000,91.6000
2025-10-14 12:25,36.4000,91.8000
2025-10-14 12:20,36.6000,92.0000
2025-10-14 12:15,36.8000,92.2000
2025-10-14 12:10,37.0000,92.4000
2025-10-14 12:05,37.2000,92.6000
2025-10-14 12:00,37.4000,92.8000
2025-10-14 11:55,37.6000,93.0000
2025-10-14 11:50,37.8000,93.2000
2025-10-14 11:45,38.0000,93.4000
2025-10-14 11:40,38.2000,93.6000
2025-10-14 11:35,38.4000,93.8000
2025-10-14 11:30,38.6000,94.0000
2025-10-14 11:25,38.8000,94.2000
2025-10-14 11:20,39.0000,94.4000
2025-10-14 11:15,39.2000,94.6000
2025-10-14 11:10,39.4000,94.8000
2025-10-14 11:05,39.6000,95.0000
2025-10-14 11:00,39.8000,95.2000
2025-10-14 10:55,40.0000,0.0000
2025-10-14 10:50,40.2000,0.2000
2025-10-14 10:45,40.4000,0.4000
2025-10-14 10:40,40.6000,0.6000
2025-10-14 10:35,40.8000,0.8000
2025-10-14 10:30,41.0000,1.0000
2025-10-14 10:25,41.2000,1.2000
2025-10-14 10:20,41.4000,1.4000
2025-10-14 10:15,41.6000,1.6000
2025-10-14 10:10,41.8000,1.8000
2025-10-14 10:05,42.0000,2.0000
2025-10-14 10:00,42.2000,2.2000
2025-10-14 09:55,42.4000,2.4000
2025-10-14 09:50,42.6000,2.6000
2025-10-14 09:45,42.8000,2.8000
2025-10-14 09:40,43.0000,3.0000
2025-10-14 09:35,43.2000,3.2000
2025-10-14 09:30,43.4000,3.4000
2025-10-14 09:25,43.6000,3.6000
2025-10-14 09:20,43.8000,3.8000
2025-10-14 09:15,44.0000,4.0000
2025-10-14 09:10,44.2000,4.2000
2025-10-14 09:05,44.4000,4.4000
2025-10-14 09:00,44.6000,4.6000
2025-10-14 08:55,44.8000,4.8000
2025-10-14 08:50,45.0000,5.0000
2025-10-14 08:45,45.2000,5.2000
2025-10-14 08:40,45.4000,5.4000
2025-10-14 08:35,45.6000,5.6000
2025-10-14 08:30,45.8000,5.8000
2025-10-14 08:25,46.0000,6.0000
2025-10-14 08:20,46.2000,6.2000
2025-10-14 08:15,46.4000,6.4000
2025-10-14 08:10,46.6000,6.6000
2025-10-14 08:05,46.8000,6.8000
2025-10-14 08:00,47.0000,7.0000
2025-10-14 07:55,47.2000,7.2000
2025-10-14 07:50,47.4000,7.4000
2025-10-14 07:45,47.6000,7.6000
2025-10-14 07:40,47.8000,7.8000
2025-10-14 07:35,48.0000,8.0000
2025-10-14 07:30,48.2000,8.2000
2025-10-14 07:25,48.4000,8.4000
2025-10-14 07:20,48.6000,8.6000
2025-10-14 07:15,48.8000,8.8000
2025-10-14 07:10,49.0000,9.0000
2025-10-14 07:05,49.2000,9.2000
2025-10-14 07:00,49.4000,9.4000
2025-10-14 06:55,49.6000,9.6000
2025-10-14 06:50,49.8000,9.8000
2025-10-14 06:45,50.0000,10.0000
2025-10-14 06:40,50.2000,10.2000
2025-10-14 06:35,50.4000,10.4000
2025-10-14 06:30,50.6000,10.6000
2025-10-14 06:25,50.8000,10.8000
2025-10-14 06:20,51.0000,11.0000
2025-10-14 06:15,51.2000,11.2000
2025-10-14 06:10,51.4000,11.4000
2025-10-14 06:05,51.6000,11.6000
2025-10-14 06:00,51.8000,11.8000
2025-10-14 05:55,52.0000,12.0000
2025-10-14 05:50,52.2000,12.2000
2025-10-14 05:45,52.4000,12.4000
2025-10-14 05:40,52.6000,12.6000
2025-10-14 05:35,52.8000,12.8000
2025-10-14 05:30,53.0000,13.0000
2025-10-14 05:25,53.2000,13.2000
2025-10-14 05:20,53.4000,13.4000
2025-10-14 05:15,53.6000,13.6000
2025-10-14 05:10,53.8000,13.8000
2025-10-14 05:05,54.0000,14.0000
2025-10-14 05:00,54.2000,14.2000
2025-10-14 04:55,54.4000,14.4000
2025-10-14 04:50,54.6000,14.6000
2025-10-14 04:45,54.8000,14.8000
2025-10-14 04:40,55.0000,15.0000
2025-10-14 04:35,55.2000,15.2000
2025-10-14 04:30,55.4000,15.4000
2025-10-14 04:25,55.6000,15.6000
2025-10-14 04:20,55.8000,15.8000
2025-10-14 04:15,56.0000,16.0000
2025-10-14 04:10,56.2000,16.2000
2025-10-14 04:05,56.4000,16.4000
2025-10-14 04:00,56.6000,16.6000
2025-10-13 19:55,56.8000,16.8000
2025-10-13 19:50,57.0000,17.0000
2025-10-13 19:45,57.2000,17.2000
2025-10-13 19:40,57.4000,17.4000
2025-10-13 19:35,57.6000,17.6000
2025-10-13 19:30,57.8000,17.8000
2025-10-13 19:25,58.0000,18.0000
2025-10-13 19:20,58.2000,18.2000
2025-10-13 19:15,58.4000,18.4000
2025-10-13 19:10,58.6000,18.6000
2025-10-13 19:05,58.8000,18.8000
2025-10-13 19:00,59.0000,19.0000
2025-10-13 18:55,59.2000,19.2000
2025-10-13 18:50,59.4000,19.4000
2025-10-13 18:45,59.6000,19.6000
2025-10-13 18:40,59.8000,19.8000
2025-10-13 18:35,60.0000,20.0000
2025-10-13 18:30,60.2000,20.2000
2025-10-13 18:25,60.4000,20.4000
2025-10-13 18:20,60.6000,20.6000
2025-10-13 18:15,60.8000,20.8000
2025-10-13 18:10,61.0000,21.0000
2025-10-13 18:05,61.2000,21.2000
2025-10-13 18:00,61.4000,21.4000
2025-10-13 17:55,61.6000,21.6000
2025-10-13 17:50,61.8000,21.8000
2025-10-13 17:45,62.0000,22.0000
2025-10-13 17:40,62.2000,22.2000
2025-10-13 17:35,62.4000,22.4000
2025-10-13 17:30,62.6000,22.6000
2025-10-13 17:25,62.8000,22.8000
2025-10-13 17:20,63.0000,23.0000
2025-10-13 17:15,63.2000,23.2000
2025-10-13 17:10,63.4000,23.4000
2025-10-13 17:05,63.6000,23.6000
2025-10-13 17:00,63.8000,23.8000
2025-10-13 16:55,64.0000,24.0000
2025-10-13 16:50,64.2000,24.2000
2025-10-13 16:45,64.4000,24.4000
2025-10-13 16:40,64.6000,24.6000
2025-10-13 16:35,64.8000,24.8000
2025-10-13 16:30,65.0000,25.0000
2025-10-13 16:25,65.2000,25.2000
2025-10-13 16:20,65.4000,25.4000
2025-10-13 16:15,65.6000,25.6000
2025-10-13 16:10,65.8000,25.8000
2025-10-13 16:05,66.0000,26.0000
2025-10-13 16:00,66.2000,26.2000
2025-10-13 15:55,66.4000,26.4000
2025-10-13 15:50,66.6000,26.6000
2025-10-13 15:45,66.8000,26.8000
2025-10-13 15:40,67.0000,27.0000
2025-10-13 15:35,67.2000,27.2000
2025-10-13 15:30,67.4000,27.4000
2025-10-13 15:25,67.6000,27.6000
2025-10-13 15:20,67.8000,27.8000
2025-10-13 15:15,68.0000,28.0000
2025-10-13 15:10,68.2000,28.2000
2025-10-13 15:05,68.4000,28.4000
2025-10-13 15:00,68.6000,28.6000
2025-10-13 14:55,68.8000,28.8000
2025-10-13 14:50,69.0000,29.0000
2025-10-13 14:45,69.2000,29.2000
2025-10-13 14:40,69.4000,29.4000
2025-10-13 14:35,69.6000,29.6000
2025-10-13 14:30,69.8000,29.8000
2025-10-13 14:25,70.0000,30.0000
2025-10-13 14:20,70.2000,30.2000
2025-10-13 14:15,70.4000,30.4000
2025-10-13 14:10,70.6000,30.6000
2025-10-13 14:05,70.8000,30.8000
2025-10-13 14:00,71.0000,31.0000
2025-10-13 13:55,71.2000,31.2000
2025-10-13 13:50,71.4000,31.4000
2025-10-13 13:45,71.6000,31.6000
2025-10-13 13:40,71.8000,31.8000
2025-10-13 13:35,72.0000,32.0000
2025-10-13 13:30,72.2000,32.2000
2025-10-13 13:25,72.4000,32.4000
2025-10-13 13:20,72.6000,32.6000
2025-10-13 13:15,72.8000,32.8000
2025-10-13 13:10,73.0000,33.0000
2025-10-13 13:05,73.2000,33.2000
2025-10-13 13:00,73.4000,33.4000
2025-10-13 12:55,73.6000,33.6000
2025-10-13 12:50,73.8000,33.8000
2025-10-13 12:45,74.0000,34.0000
2025-10-13 12:40,74.2000,34.2000
2025-10-13 12:35,74.4000,34.4000
2025-10-13 12:30,74.6000,34.6000
2025-10-13 12:25,74.8000,34.8000
2025-10-13 12:20,75.0000,35.0000
2025-10-13 12:15,75.2000,35.2000
2025-10-13 12:10,75.4000,35.4000
2025-10-13 12:05,75.6000,35.6000
2025-10-13 12:00,75.8000,35.8000
2025-10-13 11:55,76.0000,36.0000
2025-10-13 11:50,76.2000,36.2000
2025-10-13 11:45,76.4000,36.4000
2025-10-13 11:40,76.6000,36.6000
2025-10-13 11:35,76.8000,36.8000
2025-10-13 11:30,77.0000,37.0000
2025-10-13 11:25,77.2000,37.2000
2025-10-13 11:20,77.4000,37.4000
2025-10-13 11:15,77.6000,37.6000
2025-10-13 11:10,77.8000,37.8000
2025-10-13 11:05,78.0000,38.0000
2025-10-13 11:00,78.2000,38.2000
2025-10-13 10:55,78.4000,38.4000
2025-10-13 10:50,78.6000,38.6000
2025-10-13 10:45,78.8000,38.8000
2025-10-13 10:40,79.0000,39.0000
2025-10-13 10:35,79.2000,39.2000
2025-10-13 10:30,79.4000,39.4000
2025-10-13 10:25,79.6000,39.6000
2025-10-13 10:20,79.8000,39.8000
2025-10-13 10:15,80.0000,40.0000
2025-10-13 10:10,80.2000,40.2000
2025-10-13 10:05,80.4000,40.4000
2025-10-13 10:00,80.6000,40.6000
2025-10-13 09:55,80.8000,40.8000
2025-10-13 09:50,81.0000,41.0000
2025-10-13 09:45,81.2000,41.2000
2025-10-13 09:40,81.4000,41.4000
2025-10-13 09:35,81.6000,41.6000
2025-10-13 09:30,81.8000,41.8000
2025-10-13 09:25,82.0000,42.0000
2025-10-13 09:20,82.2000,42.2000
2025-10-13 09:15,82.4000,42.4000
2025-10-13 09:10,82.6000,42.6000
2025-10-13 09:05,82.8000,42.8000
2025-10-13 09:00,83.0000,43.0000
2025-10-13 08:55,83.2000,43.2000
2025-10-13 08:50,83.4000,43.4000
2025-10-13 08:45,83.6000,43.6000
2025-10-13 08:40,83.8000,43.8000
2025-10-13 08:35,84.0000,44.0000
2025-10-13 08:30,84.2000,44.2000
2025-10-13 08:25,84.4000,44.4000
2025-10-13 08:20,84.6000,44.6000
2025-10-13 08:15,84.8000,44.8000
2025-10-13 08:10,85.0000,45.0000
2025-10-13 08:05,85.2000,45.2000
2025-10-13 08:00,85.4000,45.4000
2025-10-13 07:55,85.6000,45.6000
2025-10-13 07:50,85.8000,45.8000
2025-10-13 07:45,86.0000,46.0000
2025-10-13 07:40,86.2000,46.2000
2025-10-13 07:35,86.4000,46.4000
2025-10-13 07:30,86.6000,46.6000
2025-10-13 07:25,86.8000,46.8000
2025-10-13 07:20,87.0000,47.0000
2025-10-13 07:15,87.2000,47.2000
2025-10-13 07:10,87.4000,47.4000
2025-10-13 07:05,87.6000,47.6000
2025-10-13 07:00,87.8000,47.8000
2025-10-13 06:55,88.0000,48.0000
2025-10-13 06:50,88.2000,48.2000
2025-10-13 06:45,88.4000,48.4000
2025-10-13 06:40,88.6000,48.6000
2025-10-13 06:35,88.8000,48.8000
2025-10-13 06:30,89.0000,49.0000
2025-10-13 06:25,89.2000,49.2000
2025-10-13 06:20,89.4000,49.4000
2025-10-13 06:15,89.6000,49.6000
2025-10-13 06:10,89.8000,49.8000
2025-10-13 06:05,90.0000,50.0000
2025-10-13 06:00,90.2000,50.2000
2025-10-13 05:55,90.4000,50.4000
2025-10-13 05:50,90.6000,50.6000
2025-10-13 05:45,90.8000,50.8000
2025-10-13 05:40,91.0000,51.0000
2025-10-13 05:35,91.2000,51.2000
2025-10-13 05:30,91.4000,51.4000
2025-10-13 05:25,91.6000,51.6000
2025-10-13 05:20,91.8000,51.8000
2025-10-13 05:15,92.0000,52.0000
2025-10-13 05:10,92.2000,52.2000
2025-10-13 05:05,92.4000,52.4000
2025-10-13 05:00,92.6000,52.6000
2025-10-13 04:55,92.8000,52.8000
2025-10-13 04:50,93.0000,53.0000
2025-10-13 04:45,93.2000,53.2000
2025-10-13 04:40,93.4000,53.4000
2025-10-13 04:35,93.6000,53.6000
2025-10-13 04:30,93.8000,53.8000
2025-10-13 04:25,94.0000,54.0000
2025-10-13 04:20,94.2000,54.2000
2025-10-13 04:15,94.4000,54.4000
2025-10-13 04:10,94.6000,54.6000
2025-10-13 04:05,94.8000,54.8000
2025-10-13 04:00,95.0000,55.0000
2025-10-10 19:55,95.2000,55.2000
2025-10-10 19:50,95.4000,55.4000
2025-10-10 19:45,95.6000,55.6000
2025-10-10 19:40,95.8000,55.8000
2025-10-10 19:35,96.0000,56.0000
2025-10-10 19:30,96.2000,56.2000
2025-10-10 19:25,96.4000,56.4000
2025-10-10 19:20,96.6000,56.6000
2025-10-10 19:15,96.8000,56.8000
2025-10-10 19:10,97.0000,57.0000
2025-10-10 19:05,97.2000,57.2000
2025-10-10 19:00,97.4000,57.4000
2025-10-10 18:55,97.6000,57.6000
2025-10-10 18:50,97.8000,57.8000
2025-10-10 18:45,98.0000,58.0000
2025-10-10 18:40,98.2000,58.2000
2025-10-10 18:35,98.4000,58.4000
2025-10-10 18:30,98.6000,58.6000
2025-10-10 18:25,98.8000,58.8000
2025-10-10 18:20,99.0000,59.0000
2025-10-10 18:15,99.2000,59.2000
2025-10-10 18:10,99.4000,59.4000
2025-10-10 18:05,99.6000,59.6000
2025-10-10 18:00,99.8000,59.8000
2025-10-10 17:55,100.0000,60.0000
2025-10-10 17:50,100.0000,60.2000
2025-10-10 17:45,100.0000,60.4000
2025-10-10 17:40,22.2000,60.6000
2025-10-10 17:35,22.4000,60.8000
2025-10-10 17:30,22.6000,61.0000
2025-10-10 17:25,22.8000,61.2000
2025-10-10 17:20,23.0000,61.4000
2025-10-10 17:15,23.2000,61.6000
2025-10-10 17:10,23.4000,61.8000
2025-10-10 17:05,23.6000,62.0000
2025-10-10 17:00,23.8000,62.2000
2025-10-10 16:55,24.0000,62.4000
2025-10-10 16:50,24.2000,62.6000
2025-10-10 16:45,24.4000,62.8000
2025-10-10 16:40,24.6000,63.0000
2025-10-10 16:35,24.8000,63.2000
2025-10-10 16:30,25.0000,63.4000
2025-10-10 16:25,25.2000,63.6000
2025-10-10 16:20,25.4000,63.8000
2025-10-10 16:15,25.6000,64.0000
2025-10-10 16:10,25.8000,64.2000
2025-10-10 16:05,26.0000,64.4000
2025-10-10 16:00,26.2000,64.6000
2025-10-10 15:55,26.4000,64.8000
2025-10-10 15:50,26.6000,65.0000
2025-10-10 15:45,26.8000,65.2000
2025-10-10 15:40,27.0000,65.4000
2025-10-10 15:35,27.2000,65.6000
2025-10-10 15:30,27.4000,65.8000
2025-10-10 15:25,27.6000,66.0000
2025-10-10 15:20,27.8000,66.2000
2025-10-10 15:15,28.0000,66.4000
2025-10-10 15:10,28.2000,66.6000
2025-10-10 15:05,28.4000,66.8000
2025-10-10 15:00,28.6000,67.0000
2025-10-10 14:55,28.8000,67.2000
2025-10-10 14:50,29.0000,67.4000
2025-10-10 14:45,29.2000,67.6000
2025-10-10 14:40,29.4000,67.8000
2025-10-10 14:35,29.6000,68.0000
2025-10-10 14:30,29.8000,68.2000
2025-10-10 14:25,30.0000,68.4000
2025-10-10 14:20,30.2000,68.6000
2025-10-10 14:15,30.4000,68.8000
2025-10-10 14:10,30.6000,69.0000
2025-10-10 14:05,30.8000,69.2000
2025-10-10 14:00,31.0000,69.4000
2025-10-10 13:55,31.2000,69.6000
2025-10-10 13:50,31.4000,69.8000
2025-10-10 13:45,31.6000,70.0000
2025-10-10 13:40,31.8000,70.2000
2025-10-10 13:35,32.0000,70.4000
2025-10-10 13:30,32.2000,70.6000
2025-10-10 13:25,32.4000,70.8000
2025-10-10 13:20,32.6000,71.0000
2025-10-10 13:15,32.8000,71.2000
2025-10-10 13:10,33.0000,71.4000
2025-10-10 13:05,33.2000,71.6000
2025-10-10 13:00,33.4000,71.8000
2025-10-10 12:55,33.6000,72.0000
2025-10-10 12:50,33.8000,72.2000
2025-10-10 12:45,34.0000,72.4000
2025-10-10 12:40,34.2000,72.6000
2025-10-10 12:35,34.4000,72.8000
2025-10-10 12:30,34.6000,73.0000
2025-10-10 12:25,34.8000,73.2000
2025-10-10 12:20,35.0000,73.4000
2025-10-10 12:15,35.2000,73.6000
2025-10-10 12:10,35.4000,73.8000
2025-10-10 12:05,35.6000,74.0000
2025-10-10 12:00,35.8000,74.2000
2025-10-10 11:55,36.0000,74.4000
2025-10-10 11:50,36.2000,74.6000
2025-10-10 11:45,36.4000,74.8000
2025-10-10 11:40,36.6000,75.0000
2025-10-10 11:35,36.8000,75.2000
2025-10-10 11:30,37.0000,75.4000
2025-10-10 11:25,37.2000,75.6000
2025-10-10 11:20,37.4000,75.8000
2025-10-10 11:15,37.6000,76.0000
2025-10-10 11:10,37.8000,76.2000
2025-10-10 11:05,38.0000,76.4000
2025-10-10 11:00,38.2000,76.6000
2025-10-10 10:55,38.4000,76.8000
2025-10-10 10:50,38.6000,77.0000
2025-10-10 10:45,38.8000,77.2000
2025-10-10 10:40,39.0000,77.4000
2025-10-10 10:35,39.2000,77.6000
2025-10-10 10:30,39.4000,77.8000
2025-10-10 10:25,39.6000,78.0000
2025-10-10 10:20,39.8000,78.2000
2025-10-10 10:15,40.0000,78.4000
2025-10-10 10:10,40.2000,78.6000
2025-10-10 10:05,40.4000,78.8000
2025-10-10 10:00,40.6000,79.0000
2025-10-10 09:55,40.8000,79.2000
2025-10-10 09:50,41.0000,79.4000
2025-10-10 09:45,41.2000,79.6000
2025-10-10 09:40,41.4000,79.8000
2025-10-10 09:35,41.6000,80.0000
2025-10-10 09:30,41.8000,80.2000
2025-10-10 09:25,42.0000,80.4000
2025-10-10 09:20,42.2000,80.6000
2025-10-10 09:15,42.4000,80.8000
2025-10-10 09:10,42.6000,81.0000
2025-10-10 09:05,42.8000,81.2000
2025-10-10 09:00,43.0000,81.4000
2025-10-10 08:55,43.2000,81.6000
2025-10-10 08:50,43.4000,81.8000
2025-10-10 08:45,43.6000,82.0000
2025-10-10 08:40,43.8000,82.2000
2025-10-10 08:35,44.0000,82.4000
2025-10-10 08:30,44.2000,82.6000
2025-10-10 08:25,44.4000,82.8000
2025-10-10 08:20,44.6000,83.0000
2025-10-10 08:15,44.8000,83.2000
2025-10-10 08:10,45.0000,83.4000
2025-10-10 08:05,45.2000,83.6000
2025-10-10 08:00,45.4000,83.8000
2025-10-10 07:55,45.6000,84.0000
2025-10-10 07:50,45.8000,84.2000
2025-10-10 07:45,46.0000,84.4000
2025-10-10 07:40,46.2000,84.6000
2025-10-10 07:35,46.4000,84.8000
2025-10-10 07:30,46.6000,85.0000
2025-10-10 07:25,46.8000,85.2000
2025-10-10 07:20,47.0000,85.4000
2025-10-10 07:15,47.2000,85.6000
2025-10-10 07:10,47.4000,85.8000
2025-10-10 07:05,47.6000,86.0000
2025-10-10 07:00,47.8000,86.2000
2025-10-10 06:55,48.0000,86.4000
2025-10-10 06:50,48.2000,86.6000
2025-10-10 06:45,48.4000,86.8000
2025-10-10 06:40,48.6000,87.0000
2025-10-10 06:35,48.8000,87.2000
2025-10-10 06:30,49.0000,87.4000
2025-10-10 06:25,49.2000,87.6000
2025-10-10 06:20,49.4000,87.8000
2025-10-10 06:15,49.6000,88.0000
2025-10-10 06:10,49.8000,88.2000
2025-10-10 06:05,50.0000,88.4000
2025-10-10 06:00,50.2000,88.6000
2025-10-10 05:55,50.4000,88.8000
2025-10-10 05:50,50.6000,89.0000
2025-10-10 05:45,50.8000,89.2000
2025-10-10 05:40,51.0000,89.4000
2025-10-10 05:35,51.2000,89.6000
2025-10-10 05:30,51.4000,89.8000
2025-10-10 05:25,51.6000,90.0000
2025-10-10 05:20,51.8000,90.2000
2025-10-10 05:15,52.0000,90.4000
2025-10-10 05:10,52.2000,90.6000
2025-10-10 05:05,52.4000,90.8000
2025-10-10 05:00,52.6000,91.0000
2025-10-10 04:55,52.8000,91.2000
2025-10-10 04:50,53.0000,91.4000
2025-10-10 04:45,53.2000,91.6000
2025-10-10 04:40,53.4000,91.8000
2025-10-10 04:35,53.6000,92.0000
2025-10-10 04:30,53.8000,92.2000
2025-10-10 04:25,54.0000,92.4000
2025-10-10 04:20,54.2000,92.6000
2025-10-10 04:15,54.4000,92.8000
2025-10-10 04:10,54.6000,93.0000
2025-10-10 04:05,54.8000,93.2000
2025-10-10 04:00,55.0000,93.4000
2025-10-09 19:55,55.2000,93.6000
2025-10-09 19:50,55.4000,93.8000
2025-10-09 19:45,55.6000,94.0000
2025-10-09 19:40,55.8000,94.2000
2025-10-09 19:35,56.0000,94.4000
2025-10-09 19:30,56.2000,94.6000
2025-10-09 19:25,56.4000,94.8000
2025-10-09 19:20,56.6000,95.0000
2025-10-09 19:15,56.8000,95.2000
2025-10-09 19:10,57.0000,95.4000
2025-10-09 19:05,57.2000,95.6000
2025-10-09 19:00,57.4000,95.8000
2025-10-09 18:55,57.6000,96.0000
2025-10-09 18:50,57.8000,96.2000
2025-10-09 18:45,58.0000,96.4000
2025-10-09 18:40,58.2000,96.6000
2025-10-09 18:35,58.4000,96.8000
2025-10-09 18:30,58.6000,97.0000
2025-10-09 18:25,58.8000,97.2000
2025-10-09 18:20,59.0000,97.4000
2025-10-09 18:15,59.2000,97.6000
2025-10-09 18:10,59.4000,97.8000
2025-10-09 18:05,59.6000,98.0000
2025-10-09 18:00,59.8000,98.2000
2025-10-09 17:55,60.0000,98.4000
2025-10-09 17:50,60.2000,98.6000
2025-10-09 17:45,60.4000,98.8000
2025-10-09 17:40,60.6000,99.0000
2025-10-09 17:35,60.8000,99.2000
2025-10-09 17:30,61.0000,99.4000
2025-10-09 17:25,61.2000,99.6000
2025-10-09 17:20,61.4000,99.8000
2025-10-09 17:15,61.6000,100.0000
2025-10-09 17:10,61.8000,2.0000
2025-10-09 17:05,62.0000,2.2000
2025-10-09 17:00,62.2000,2.4000
2025-10-09 16:55,62.4000,2.6000
2025-10-09 16:50,62.6000,2.8000
2025-10-09 16:45,62.8000,3.0000
2025-10-09 16:40,63.0000,3.2000
2025-10-09 16:35,63.2000,3.4000
2025-10-09 16:30,63.4000,3.6000
2025-10-09 16:25,63.6000,3.8000
2025-10-09 16:20,63.8000,4.0000
2025-10-09 16:15,64.0000,4.2000
2025-10-09 16:10,64.2000,4.4000
2025-10-09 16:05,64.4000,4.6000
2025-10-09 16:00,64.6000,4.8000
2025-10-09 15:55,64.8000,5.0000
2025-10-09 15:50,65.0000,5.2000
2025-10-09 15:45,65.2000,5.4000
2025-10-09 15:40,65.4000,5.6000
2025-10-09 15:35,65.6000,5.8000
2025-10-09 15:30,65.8000,6.0000
2025-10-09 15:25,66.0000,6.2000
2025-10-09 15:20,66.2000,6.4000
2025-10-09 15:15,66.4000,6.6000
2025-10-09 15:10,66.6000,6.8000
2025-10-09 15:05,66.8000,7.0000
2025-10-09 15:00,67.0000,7.2000
2025-10-09 14:55,67.2000,7.4000
2025-10-09 14:50,67.4000,7.6000
2025-10-09 14:45,67.6000,7.8000
2025-10-09 14:40,67.8000,8.0000
2025-10-09 14:35,68.0000,8.2000
2025-10-09 14:30,68.2000,8.4000
2025-10-09 14:25,68.4000,8.6000
2025-10-09 14:20,68.6000,8.8000
2025-10-09 14:15,68.8000,9.0000
2025-10-09 14:10,69.0000,9.2000
2025-10-09 14:05,69.2000,9.4000
2025-10-09 14:00,69.4000,9.6000
2025-10-09 13:55,69.6000,9.8000
2025-10-09 13:50,69.8000,10.0000
2025-10-09 13:45,70.0000,10.2000
2025-10-09 13:40,70.2000,10.4000
2025-10-09 13:35,70.4000,10.6000
2025-10-09 13:30,70.6000,10.8000
2025-10-09 13:25,70.8000,11.0000
2025-10-09 13:20,71.0000,11.2000
2025-10-09 13:15,71.2000,11.4000
2025-10-09 13:10,71.4000,11.6000
2025-10-09 13:05,71.6000,11.8000
2025-10-09 13:00,71.8000,12.0000
2025-10-09 12:55,72.0000,12.2000
2025-10-09 12:50,72.2000,12.4000
2025-10-09 12:45,72.4000,12.6000
2025-10-09 12:40,72.6000,12.8000
2025-10-09 12:35,72.8000,13.0000
2025-10-09 12:30,73.0000,13.2000
2025-10-09 12:25,73.2000,13.4000
2025-10-09 12:20,73.4000,13.6000
2025-10-09 12:15,73.6000,13.8000
2025-10-09 12:10,73.8000,14.0000
2025-10-09 12:05,74.0000,14.2000
2025-10-09 12:00,74.2000,14.4000
2025-10-09 11:55,74.4000,14.6000
2025-10-09 11:50,74.6000,14.8000
2025-10-09 11:45,74.8000,15.0000
2025-10-09 11:40,75.0000,15.2000
2025-10-09 11:35,75.2000,15.4000
2025-10-09 11:30,75.4000,15.6000
2025-10-09 11:25,75.6000,15.8000
2025-10-09 11:20,75.8000,16.0000
2025-10-09 11:15,76.0000,16.2000
2025-10-09 11:10,0.0000,16.4000
2025-10-09 11:05,0.2000,16.6000
2025-10-09 11:00,0.4000,16.8000
2025-10-09 10:55,0.6000,17.0000
2025-10-09 10:50,0.8000,17.2000
2025-10-09 10:45,1.0000,17.4000
2025-10-09 10:40,1.2000,17.6000
2025-10-09 10:35,1.4000,17.8000
2025-10-09 10:30,1.6000,18.0000
2025-10-09 10:25,1.8000,18.2000
2025-10-09 10:20,2.0000,18.4000
2025-10-09 10:15,2.2000,18.6000
2025-10-09 10:10,2.4000,18.8000
2025-10-09 10:05,2.6000,19.0000
2025-10-09 10:00,2.8000,19.2000
2025-10-09 09:55,3.0000,19.4000
2025-10-09 09:50,3.2000,19.6000
2025-10-09 09:45,3.4000,19.8000
2025-10-09 09:40,3.6000,20.0000
2025-10-09 09:35,3.8000,20.2000
2025-10-09 09:30,4.0000,20.4000
2025-10-09 09:25,4.2000,20.6000
2025-10-09 09:20,4.4000,20.8000
2025-10-09 09:15,4.6000,21.0000
2025-10-09 09:10,4.8000,21.2000
2025-10-09 09:05,5.0000,21.4000
2025-10-09 09:00,5.2000,21.6000
2025-10-09 08:55,5.4000,21.8000
2025-10-09 08:50,5.6000,22.0000
2025-10-09 08:45,5.8000,22.2000
2025-10-09 08:40,6.0000,22.4000
2025-10-09 08:35,6.2000,22.6000
2025-10-09 08:30,6.4000,22.8000
2025-10-09 08:25,6.6000,23.0000
2025-10-09 08:20,6.8000,23.2000
2025-10-09 08:15,7.0000,23.4000
2025-10-09 08:10,7.2000,23.6000
2025-10-09 08:05,7.4000,23.8000
2025-10-09 08:00,7.6000,24.0000
2025-10-09 07:55,7.8000,24.2000
2025-10-09 07:50,8.0000,24.4000
2025-10-09 07:45,8.2000,24.6000
2025-10-09 07:40,8.4000,24.8000
2025-10-09 07:35,8.6000,25.0000
2025-10-09 07:30,8.8000,25.2000
2025-10-09 07:25,9.0000,25.4000
2025-10-09 07:20,9.2000,25.6000
2025-10-09 07:15,9.4000,25.8000
2025-10-09 07:10,9.6000,26.0000
2025-10-09 07:05,9.8000,26.2000
2025-10-09 07:00,10.0000,26.4000
2025-10-09 06:55,10.2000,26.6000
2025-10-09 06:50,10.4000,26.8000
2025-10-09 06:45,10.6000,27.0000
2025-10-09 06:40,10.8000,27.2000
2025-10-09 06:35,11.0000,27.4000
2025-10-09 06:30,11.2000,27.6000
2025-10-09 06:25,11.4000,27.8000
2025-10-09 06:20,11.6000,28.0000
2025-10-09 06:15,11.8000,28.2000
2025-10-09 06:10,12.0000,28.4000
2025-10-09 06:05,12.2000,28.6000
2025-10-09 06:00,12.4000,28.8000
2025-10-09 05:55,12.6000,29.0000
2025-10-09 05:50,12.8000,29.2000
2025-10-09 05:45,13.0000,29.4000
2025-10-09 05:40,13.2000,29.6000
2025-10-09 05:35,13.4000,29.8000
2025-10-09 05:30,13.6000,30.0000
2025-10-09 05:25,13.8000,30.2000
2025-10-09 05:20,14.0000,30.4000
2025-10-09 05:15,14.2000,30.6000
2025-10-09 05:10,14.4000,30.8000
2025-10-09 05:05,14.6000,31.0000
2025-10-09 05:00,14.8000,31.2000
2025-10-09 04:55,15.0000,31.4000
2025-10-09 04:50,15.2000,31.6000
2025-10-09 04:45,15.4000,31.8000
2025-10-09 04:40,15.6000,32.0000
2025-10-09 04:35,15.8000,32.2000
2025-10-09 04:30,16.0000,32.4000
2025-10-09 04:25,16.2000,32.6000
2025-10-09 04:20,16.4000,32.8000
2025-10-09 04:15,16.6000,33.0000
2025-10-09 04:10,16.8000,33.2000
2025-10-09 04:05,17.0000,33.4000
2025-10-09 04:00,17.2000,33.6000
2025-10-08 19:55,17.4000,33.8000
2025-10-08 19:50,17.6000,34.0000
2025-10-08 19:45,17.8000,34.2000
2025-10-08 19:40,18.0000,34.4000
2025-10-08 19:35,18.2000,34.6000
2025-10-08 19:30,18.4000,34.8000
2025-10-08 19:25,18.6000,35.0000
2025-10-08 19:20,18.8000,35.2000
2025-10-08 19:15,19.0000,35.4000
2025-10-08 19:10,19.2000,35.6000
2025-10-08 19:05,19.4000,35.8000
2025-10-08 19:00,19.6000,36.0000
2025-10-08 18:55,19.8000,36.2000
2025-10-08 18:50,20.0000,36.4000
2025-10-08 18:45,20.2000,36.6000
2025-10-08 18:40,20.4000,36.8000
2025-10-08 18:35,20.6000,37.0000
2025-10-08 18:30,20.8000,37.2000
2025-10-08 18:25,21.0000,37.4000
2025-10-08 18:20,21.2000,37.6000
2025-10-08 18:15,21.4000,37.8000
2025-10-08 18:10,21.6000,38.0000
2025-10-08 18:05,21.8000,38.2000
2025-10-08 18:00,22.0000,38.4000
2025-10-08 17:55,22.2000,38.6000
2025-10-08 17:50,22.4000,38.8000
2025-10-08 17:45,22.6000,39.0000
2025-10-08 17:40,22.8000,39.2000
2025-10-08 17:35,23.0000,39.4000
2025-10-08 17:30,23.2000,39.6000
2025-10-08 17:25,23.4000,39.8000
2025-10-08 17:20,23.6000,40.0000
2025-10-08 17:15,23.8000,40.2000
2025-10-08 17:10,24.0000,40.4000
2025-10-08 17:05,24.2000,40.6000
2025-10-08 17:00,24.4000,40.8000
2025-10-08 16:55,24.6000,41.0000
2025-10-08 16:50,24.8000,41.2000
2025-10-08 16:45,25.0000,41.4000
2025-10-08 16:40,25.2000,41.6000
2025-10-08 16:35,25.4000,41.8000
2025-10-08 16:30,25.6000,42.0000
2025-10-08 16:25,25.8000,42.2000
2025-10-08 16:20,26.0000,42.4000
2025-10-08 16:15,26.2000,42.6000
2025-10-08 16:10,26.4000,42.8000
2025-10-08 16:05,26.6000,43.0000
2025-10-08 16:00,26.8000,43.2000
2025-10-08 15:55,27.0000,43.4000
2025-10-08 15:50,27.2000,43.6000
2025-10-08 15:45,27.4000,43.8000
2025-10-08 15:40,27.6000,44.0000
2025-10-08 15:35,27.8000,44.2000
2025-10-08 15:30,28.0000,44.4000
2025-10-08 15:25,28.2000,44.6000
2025-10-08 15:20,28.4000,44.8000
2025-10-08 15:15,28.6000,45.0000
2025-10-08 15:10,28.8000,45.2000
2025-10-08 15:05,29.0000,45.4000
2025-10-08 15:00,29.2000,45.6000
2025-10-08 14:55,29.4000,45.8000
2025-10-08 14:50,29.6000,46.0000
2025-10-08 14:45,29.8000,46.2000
2025-10-08 14:40,30.0000,46.4000
2025-10-08 14:35,30.2000,46.6000
2025-10-08 14:30,30.4000,46.8000
2025-10-08 14:25,30.6000,47.0000
2025-10-08 14:20,30.8000,47.2000
2025-10-08 14:15,31.0000,47.4000
2025-10-08 14:10,31.2000,47.6000
2025-10-08 14:05,31.4000,47.8000
2025-10-08 14:00,31.6000,48.0000
2025-10-08 13:55,31.8000,48.2000
2025-10-08 13:50,32.0000,48.4000
2025-10-08 13:45,32.2000,48.6000
2025-10-08 13:40,32.4000,48.8000
2025-10-08 13:35,32.6000,49.0000
2025-10-08 13:30,32.8000,49.2000
2025-10-08 13:25,33.0000,49.4000
2025-10-08 13:20,33.2000,49.6000
2025-10-08 13:15,33.4000,49.8000
2025-10-08 13:10,33.6000,50.0000
2025-10-08 13:05,33.8000,50.2000
2025-10-08 13:00,34.0000,50.4000
2025-10-08 12:55,34.2000,50.6000
2025-10-08 12:50,34.4000,50.8000
2025-10-08 12:45,34.6000,51.0000
2025-10-08 12:40,34.8000,51.2000
2025-10-08 12:35,35.0000,51.4000
2025-10-08 12:30,35.2000,51.6000
2025-10-08 12:25,35.4000,51.8000
2025-10-08 12:20,35.6000,52.0000
2025-10-08 12:15,35.8000,52.2000
2025-10-08 12:10,36.0000,52.4000
2025-10-08 12:05,36.2000,52.6000
2025-10-08 12:00,36.4000,52.8000
2025-10-08 11:55,36.6000,53.0000
2025-10-08 11:50,36.8000,53.2000
2025-10-08 11:45,37.0000,53.4000
2025-10-08 11:40,37.2000,53.6000
2025-10-08 11:35,37.4000,53.8000
2025-10-08 11:30,37.6000,54.0000
2025-10-08 11:25,37.8000,54.2000
2025-10-08 11:20,38.0000,54.4000
2025-10-08 11:15,38.2000,0.0000
2025-10-08 11:10,0.0000,0.2000
2025-10-08 11:05,0.2000,0.4000
2025-10-08 11:00,0.4000,0.6000
2025-10-08 10:55,0.6000,0.8000
2025-10-08 10:50,0.8000,1.0000
2025-10-08 10:45,1.0000,1.2000
2025-10-08 10:40,1.2000,1.4000
2025-10-08 10:35,1.4000,1.6000
2025-10-08 10:30,1.6000,1.8000
2025-10-08 10:25,1.8000,2.0000
2025-10-08 10:20,2.0000,2.2000
2025-10-08 10:15,2.2000,2.4000
2025-10-08 10:10,2.4000,2.6000
2025-10-08 10:05,2.6000,2.8000
2025-10-08 10:00,2.8000,3.0000
2025-10-08 09:55,3.0000,3.2000
2025-10-08 09:50,3.2000,3.4000
2025-10-08 09:45,3.4000,3.6000
2025-10-08 09:40,3.6000,3.8000
2025-10-08 09:35,3.8000,4.0000
2025-10-08 09:30,4.0000,4.2000
2025-10-08 09:25,4.2000,4.4000
2025-10-08 09:20,4.4000,4.6000
2025-10-08 09:15,4.6000,4.8000
2025-10-08 09:10,4.8000,5.0000
2025-10-08 09:05,5.0000,5.2000
2025-10-08 09:00,5.2000,5.4000
2025-10-08 08:55,5.4000,5.6000
2025-10-08 08:50,5.6000,5.8000
2025-10-08 08:45,5.8000,6.0000
2025-10-08 08:40,6.0000,6.2000
2025-10-08 08:35,6.2000,6.4000
2025-10-08 08:30,6.4000,6.6000
2025-10-08 08:25,6.6000,6.8000
2025-10-08 08:20,6.8000,7.0000
2025-10-08 08:15,7.0000,7.2000
2025-10-08 08:10,7.2000,7.4000
2025-10-08 08:05,7.4000,7.6000
2025-10-08 08:00,7.6000,7.8000
2025-10-08 07:55,7.8000,8.0000
2025-10-08 07:50,8.0000,8.2000
2025-10-08 07:45,8.2000,8.4000
2025-10-08 07:40,8.4000,8.6000
2025-10-08 07:35,8.6000,8.8000
2025-10-08 07:30,8.8000,9.0000
2025-10-08 07:25,9.0000,9.2000
2025-10-08 07:20,9.2000,9.4000
2025-10-08 07:15,9.4000,9.6000
2025-10-08 07:10,9.6000,9.8000
2025-10-08 07:05,9.8000,10.0000
2025-10-08 07:00,10.0000,10.2000
2025-10-08 06:55,10.2000,10.4000
2025-10-08 06:50,10.4000,10.6000
2025-10-08 06:45,10.6000,10.8000
2025-10-08 06:40,10.8000,11.0000
2025-10-08 06:35,11.0000,11.2000
2025-10-08 06:30,11.2000,11.4000
2025-10-08 06:25,11.4000,11.6000
2025-10-08 06:20,11.6000,11.8000
2025-10-08 06:15,11.8000,12.0000
2025-10-08 06:10,12.0000,12.2000
2025-10-08 06:05,12.2000,12.4000
2025-10-08 06:00,12.4000,12.6000
2025-10-08 05:55,12.6000,12.8000
2025-10-08 05:50,12.8000,13.0000
2025-10-08 05:45,13.0000,13.2000
2025-10-08 05:40,13.2000,13.4000
2025-10-08 05:35,13.4000,13.6000
2025-10-08 05:30,13.6000,13.8000
2025-10-08 05:25,13.8000,14.0000
2025-10-08 05:20,14.0000,14.2000
2025-10-08 05:15,14.2000,14.4000
2025-10-08 05:10,14.4000,14.6000
2025-10-08 05:05,14.6000,14.8000
2025-10-08 05:00,14.8000,15.0000
2025-10-08 04:55,15.0000,15.2000
2025-10-08 04:50,15.2000,15.4000
2025-10-08 04:45,15.4000,15.6000
2025-10-08 04:40,15.6000,15.8000
2025-10-08 04:35,15.8000,16.0000
2025-10-08 04:30,16.0000,16.2000
2025-10-08 04:25,16.2000,16.4000
2025-10-08 04:20,16.4000,16.6000
2025-10-08 04:15,16.6000,16.8000
2025-10-08 04:10,16.8000,17.0000
2025-10-08 04:05,17.0000,17.2000
2025-10-08 04:00,17.2000,17.4000
2025-10-07 19:55,17.4000,17.6000
2025-10-07 19:50,17.6000,17.8000
2025-10-07 19:45,17.8000,18.0000
2025-10-07 19:40,18.0000,18.2000
2025-10-07 19:35,18.2000,18.4000
2025-10-07 19:30,18.4000,18.6000
2025-10-07 19:25,18.6000,18.8000
2025-10-07 19:20,18.8000,19.0000
2025-10-07 19:15,19.0000,19.2000
2025-10-07 19:10,19.2000,19.4000
2025-10-07 19:05,19.4000,19.6000
2025-10-07 19:00,19.6000,19.8000
2025-10-07 18:55,19.8000,20.0000
2025-10-07 18:50,20.0000,20.2000
2025-10-07 18:45,20.2000,20.4000
2025-10-07 18:40,20.4000,20.6000
2025-10-07 18:35,20.6000,20.8000
2025-10-07 18:30,20.8000,21.0000
2025-10-07 18:25,21.0000,21.2000
2025-10-07 18:20,21.2000,21.4000
2025-10-07 18:15,21.4000,21.6000
2025-10-07 18:10,21.6000,21.8000
2025-10-07 18:05,21.8000,22.0000
2025-10-07 18:00,22.0000,22.2000
2025-10-07 17:55,22.2000,22.4000
2025-10-07 17:50,22.4000,22.6000
2025-10-07 17:45,22.6000,22.8000
2025-10-07 17:40,22.8000,23.0000
2025-10-07 17:35,23.0000,23.2000
2025-10-07 17:30,23.2000,23.4000
2025-10-07 17:25,23.4000,23.6000
2025-10-07 17:20,23.6000,23.8000
2025-10-07 17:15,23.8000,24.0000
2025-10-07 17:10,24.0000,24.2000
2025-10-07 17:05,24.2000,24.4000
2025-10-07 17:00,24.4000,24.6000
2025-10-07 16:55,24.6000,24.8000
2025-10-07 16:50,24.8000,25.0000
2025-10-07 16:45,25.0000,25.2000
2025-10-07 16:40,25.2000,25.4000
2025-10-07 16:35,25.4000,25.6000
2025-10-07 16:30,25.6000,25.8000
2025-10-07 16:25,25.8000,26.0000
2025-10-07 16:20,26.0000,26.2000
2025-10-07 16:15,26.2000,26.4000
2025-10-07 16:10,26.4000,26.6000
2025-10-07 16:05,26.6000,26.8000
2025-10-07 16:00,26.8000,27.0000
2025-10-07 15:55,27.0000,27.2000
2025-10-07 15:50,27.2000,27.4000
2025-10-07 15:45,27.4000,27.6000
2025-10-07 15:40,27.6000,27.8000
2025-10-07 15:35,27.8000,28.0000
2025-10-07 15:30,28.0000,28.2000
2025-10-07 15:25,28.2000,28.4000
2025-10-07 15:20,28.4000,28.6000
2025-10-07 15:15,28.6000,28.8000
2025-10-07 15:10,28.8000,29.0000
2025-10-07 15:05,29.0000,29.2000
2025-10-07 15:00,29.2000,29.4000
2025-10-07 14:55,29.4000,29.6000
2025-10-07 14:50,29.6000,29.8000
2025-10-07 14:45,29.8000,30.0000
2025-10-07 14:40,30.0000,30.2000
2025-10-07 14:35,30.2000,30.4000
2025-10-07 14:30,30.4000,30.6000
2025-10-07 14:25,30.6000,30.8000
2025-10-07 14:20,30.8000,31.0000
2025-10-07 14:15,31.0000,31.2000
2025-10-07 14:10,31.2000,31.4000
2025-10-07 14:05,31.4000,31.6000
2025-10-07 14:00,31.6000,31.8000
2025-10-07 13:55,31.8000,32.0000
2025-10-07 13:50,32.0000,32.2000
2025-10-07 13:45,32.2000,32.4000
2025-10-07 13:40,32.4000,32.6000
2025-10-07 13:35,32.6000,32.8000
2025-10-07 13:30,32.8000,33.0000
2025-10-07 13:25,33.0000,33.2000
2025-10-07 13:20,33.2000,33.4000
2025-10-07 13:15,33.4000,33.6000
2025-10-07 13:10,33.6000,33.8000
2025-10-07 13:05,33.8000,34.0000
2025-10-07 13:00,34.0000,34.2000
2025-10-07 12:55,34.2000,34.4000
2025-10-07 12:50,34.4000,34.6000
2025-10-07 12:45,34.6000,34.8000
2025-10-07 12:40,34.8000,35.0000
2025-10-07 12:35,35.0000,35.2000
2025-10-07 12:30,35.2000,35.4000
2025-10-07 12:25,35.4000,35.6000
2025-10-07 12:20,35.6000,35.8000
2025-10-07 12:15,35.8000,36.0000
2025-10-07 12:10,36.0000,36.2000
2025-10-07 12:05,36.2000,36.4000
2025-10-07 12:00,36.4000,36.6000
2025-10-07 11:55,36.6000,36.8000
2025-10-07 11:50,36.8000,37.0000
2025-10-07 11:45,37.0000,37.2000
2025-10-07 11:40,37.2000,37.4000
2025-10-07 11:35,37.4000,37.6000
2025-10-07 11:30,37.6000,37.8000
2025-10-07 11:25,37.8000,38.0000
2025-10-07 11:20,38.0000,38.2000
2025-10-07 11:15,38.2000,38.4000
2025-10-07 11:10,38.4000,38.6000
2025-10-07 11:05,38.6000,38.8000
2025-10-07 11:00,38.8000,39.0000
2025-10-07 10:55,39.0000,39.2000
2025-10-07 10:50,39.2000,39.4000
2025-10-07 10:45,39.4000,39.6000
2025-10-07 10:40,39.6000,39.8000
2025-10-07 10:35,39.8000,40.0000
2025-10-07 10:30,40.0000,40.2000
2025-10-07 10:25,40.2000,40.4000
2025-10-07 10:20,40.4000,40.6000
2025-10-07 10:15,40.6000,40.8000
2025-10-07 10:10,40.8000,41.0000
2025-10-07 10:05,41.0000,41.2000
2025-10-07 10:00,41.2000,41.4000
2025-10-07 09:55,41.4000,41.6000
2025-10-07 09:50,41.6000,41.8000
2025-10-07 09:45,41.8000,42.0000
2025-10-07 09:40,42.0000,42.2000
2025-10-07 09:35,42.2000,42.4000
2025-10-07 09:30,42.4000,42.6000
2025-10-07 09:25,42.6000,42.8000
2025-10-07 09:20,42.8000,43.0000
2025-10-07 09:15,43.0000,43.2000
2025-10-07 09:10,43.2000,43.4000
2025-10-07 09:05,43.4000,43.6000
2025-10-07 09:00,43.6000,43.8000
2025-10-07 08:55,43.8000,44.0000
2025-10-07 08:50,44.0000,44.2000
2025-10-07 08:45,44.2000,44.4000
2025-10-07 08:40,44.4000,44.6000
2025-10-07 08:35,44.6000,44.8000
2025-10-07 08:30,44.8000,45.0000
2025-10-07 08:25,45.0000,45.2000
2025-10-07 08:20,45.2000,45.4000
2025-10-07 08:15,45.4000,45.6000
2025-10-07 08:10,45.6000,45.8000
2025-10-07 08:05,45.8000,46.0000
2025-10-07 08:00,46.0000,46.2000
2025-10-07 07:55,46.2000,46.4000
2025-10-07 07:50,46.4000,46.6000
2025-10-07 07:45,46.6000,46.8000
2025-10-07 07:40,46.8000,47.0000
2025-10-07 07:35,47.0000,47.2000
2025-10-07 07:30,47.2000,47.4000
2025-10-07 07:25,47.4000,47.6000
2025-10-07 07:20,47.6000,47.8000
2025-10-07 07:15,47.8000,48.0000
2025-10-07 07:10,48.0000,48.2000
2025-10-07 07:05,48.2000,48.4000
2025-10-07 07:00,48.4000,48.6000
2025-10-07 06:55,48.6000,48.8000
2025-10-07 06:50,48.8000,49.0000
2025-10-07 06:45,49.0000,49.2000
2025-10-07 06:40,49.2000,49.4000
2025-10-07 06:35,49.4000,49.6000
2025-10-07 06:30,49.6000,49.8000
2025-10-07 06:25,49.8000,50.0000
2025-10-07 06:20,50.0000,50.2000
2025-10-07 06:15,50.2000,50.4000
2025-10-07 06:10,50.4000,50.6000
2025-10-07 06:05,50.6000,50.8000
2025-10-07 06:00,50.8000,51.0000
2025-10-07 05:55,51.0000,51.2000
2025-10-07 05:50,51.2000,51.4000
2025-10-07 05:45,51.4000,51.6000
2025-10-07 05:40,51.6000,51.8000
2025-10-07 05:35,51.8000,52.0000
2025-10-07 05:30,52.0000,52.2000
2025-10-07 05:25,52.2000,52.4000
2025-10-07 05:20,52.4000,52.6000
2025-10-07 05:15,52.6000,52.8000
2025-10-07 05:10,52.8000,53.0000
2025-10-07 05:05,53.0000,53.2000
2025-10-07 05:00,53.2000,53.4000
2025-10-07 04:55,53.4000,53.6000
2025-10-07 04:50,53.6000,53.8000
2025-10-07 04:45,53.8000,54.0000
2025-10-07 04:40,54.0000,54.2000
2025-10-07 04:35,54.2000,54.4000
2025-10-07 04:30,54.4000,54.6000
2025-10-07 04:25,54.6000,54.8000
2025-10-07 04:20,54.8000,55.0000
2025-10-07 04:15,55.0000,55.2000
2025-10-07 04:10,55.2000,55.4000
2025-10-07 04:05,55.4000,55.6000
2025-10-07 04:00,55.6000,55.8000
2025-10-06 19:55,55.8000,56.0000
2025-10-06 19:50,56.0000,56.2000
2025-10-06 19:45,56.2000,56.4000
2025-10-06 19:40,56.4000,56.6000
2025-10-06 19:35,56.6000,56.8000
2025-10-06 19:30,56.8000,57.0000
2025-10-06 19:25,57.0000,57.2000
2025-10-06 19:20,57.2000,57.4000
2025-10-06 19:15,57.4000,57.6000
2025-10-06 19:10,57.6000,57.8000
2025-10-06 19:05,57.8000,58.0000
2025-10-06 19:00,58.0000,58.2000
2025-10-06 18:55,58.2000,58.4000
2025-10-06 18:50,58.4000,58.6000
2025-10-06 18:45,58.6000,58.8000
2025-10-06 18:40,58.8000,59.0000
2025-10-06 18:35,59.0000,59.2000
2025-10-06 18:30,59.2000,59.4000
2025-10-06 18:25,59.4000,59.6000
2025-10-06 18:20,59.6000,59.8000
2025-10-06 18:15,59.8000,60.0000
2025-10-06 18:10,60.0000,60.2000
2025-10-06 18:05,60.2000,60.4000
2025-10-06 18:00,60.4000,60.6000
2025-10-06 17:55,60.6000,60.8000
2025-10-06 17:50,60.8000,61.0000
2025-10-06 17:45,61.0000,61.2000
2025-10-06 17:40,61.2000,61.4000
2025-10-06 17:35,61.4000,61.6000
2025-10-06 17:30,61.6000,61.8000
2025-10-06 17:25,61.8000,62.0000
2025-10-06 17:20,62.0000,62.2000
2025-10-06 17:15,62.2000,62.4000
2025-10-06 17:10,62.4000,62.6000
2025-10-06 17:05,62.6000,62.8000
2025-10-06 17:00,62.8000,63.0000
2025-10-06 16:55,63.0000,63.2000
2025-10-06 16:50,63.2000,63.4000
2025-10-06 16:45,63.4000,63.6000
2025-10-06 16:40,63.6000,63.8000
2025-10-06 16:35,63.8000,64.0000
2025-10-06 16:30,64.0000,64.2000
2025-10-06 16:25,64.2000,64.4000
2025-10-06 16:20,64.4000,64.6000
2025-10-06 16:15,64.6000,64.8000
2025-10-06 16:10,64.8000,65.0000
2025-10-06 16:05,65.0000,65.2000
2025-10-06 16:00,65.2000,65.4000
2025-10-06 15:55,65.4000,65.6000
2025-10-06 15:50,65.6000,65.8000
2025-10-06 15:45,65.8000,66.0000
2025-10-06 15:40,66.0000,66.2000
2025-10-06 15:35,66.2000,66.4000
2025-10-06 15:30,66.4000,66.6000
2025-10-06 15:25,66.6000,66.8000
2025-10-06 15:20,66.8000,67.0000
2025-10-06 15:15,67.0000,67.2000
2025-10-06 15:10,67.2000,67.4000
2025-10-06 15:05,67.4000,67.6000
2025-10-06 15:00,67.6000,67.8000
2025-10-06 14:55,67.8000,68.0000
2025-10-06 14:50,68.0000,68.2000
2025-10-06 14:45,68.2000,68.4000
2025-10-06 14:40,68.4000,68.6000
2025-10-06 14:35,68.6000,68.8000
2025-10-06 14:30,68.8000,69.0000
2025-10-06 14:25,69.0000,69.2000
2025-10-06 14:20,69.2000,69.4000
2025-10-06 14:15,69.4000,69.6000
2025-10-06 14:10,69.6000,69.8000
2025-10-06 14:05,69.8000,70.0000
2025-10-06 14:00,70.0000,70.2000
2025-10-06 13:55,70.2000,70.4000
2025-10-06 13:50,70.4000,70.6000
2025-10-06 13:45,70.6000,70.8000
2025-10-06 13:40,70.8000,71.0000
2025-10-06 13:35,71.0000,71.2000
2025-10-06 13:30,71.2000,71.4000
2025-10-06 13:25,71.4000,71.6000
2025-10-06 13:20,71.6000,71.8000
2025-10-06 13:15,71.8000,72.0000
2025-10-06 13:10,72.0000,72.2000
2025-10-06 13:05,72.2000,72.4000
2025-10-06 13:00,72.4000,72.6000
2025-10-06 12:55,72.6000,72.8000
2025-10-06 12:50,72.8000,73.0000
2025-10-06 12:45,73.0000,73.2000
2025-10-06 12:40,0.0000,73.4000
2025-10-06 12:35,0.2000,73.6000
2025-10-06 12:30,0.4000,73.8000
2025-10-06 12:25,0.6000,74.0000
2025-10-06 12:20,0.8000,74.2000
2025-10-06 12:15,1.0000,74.4000
2025-10-06 12:10,1.2000,74.6000
2025-10-06 12:05,1.4000,74.8000
2025-10-06 12:00,1.6000,75.0000
2025-10-06 11:55,1.8000,75.2000
2025-10-06 11:50,2.0000,75.4000
2025-10-06 11:45,2.2000,75.6000
2025-10-06 11:40,2.4000,75.8000
2025-10-06 11:35,2.6000,76.0000
2025-10-06 11:30,2.8000,76.2000
2025-10-06 11:25,3.0000,76.4000
2025-10-06 11:20,3.2000,76.6000
2025-10-06 11:15,3.4000,76.8000
2025-10-06 11:10,3.6000,77.0000
2025-10-06 11:05,3.8000,77.2000
2025-10-06 11:00,4.0000,77.4000
2025-10-06 10:55,4.2000,77.6000
2025-10-06 10:50,4.4000,77.8000
2025-10-06 10:45,4.6000,78.0000
2025-10-06 10:40,4.8000,78.2000
2025-10-06 10:35,5.0000,78.4000
2025-10-06 10:30,5.2000,78.6000
2025-10-06 10:25,5.4000,78.8000
2025-10-06 10:20,5.6000,79.0000
2025-10-06 10:15,5.8000,79.2000
2025-10-06 10:10,6.0000,79.4000
2025-10-06 10:05,6.2000,79.6000
2025-10-06 10:00,6.4000,79.8000
2025-10-06 09:55,6.6000,80.0000
2025-10-06 09:50,6.8000,80.2000
2025-10-06 09:45,7.0000,80.4000
2025-10-06 09:40,7.2000,80.6000
2025-10-06 09:35,7.4000,80.8000
2025-10-06 09:30,7.6000,81.0000
2025-10-06 09:25,7.8000,81.2000
2025-10-06 09:20,8.0000,81.4000
2025-10-06 09:15,8.2000,81.6000
2025-10-06 09:10,8.4000,81.8000
2025-10-06 09:05,8.6000,82.0000
2025-10-06 09:00,8.8000,82.2000
2025-10-06 08:55,9.0000,82.4000
2025-10-06 08:50,9.2000,82.6000
2025-10-06 08:45,9.4000,82.8000
2025-10-06 08:40,9.6000,83.0000
2025-10-06 08:35,9.8000,83.2000
2025-10-06 08:30,10.0000,83.4000
2025-10-06 08:25,10.2000,83.6000
2025-10-06 08:20,10.4000,83.8000
2025-10-06 08:15,10.6000,84.0000
2025-10-06 08:10,10.8000,84.2000
2025-10-06 08:05,11.0000,84.4000
2025-10-06 08:00,11.2000,84.6000
2025-10-06 07:55,11.4000,84.8000
2025-10-06 07:50,11.6000,85.0000
2025-10-06 07:45,11.8000,85.2000
2025-10-06 07:40,12.0000,85.4000
2025-10-06 07:35,12.2000,85.6000
2025-10-06 07:30,12.4000,85.8000
2025-10-06 07:25,12.6000,86.0000
2025-10-06 07:20,12.8000,86.2000
2025-10-06 07:15,13.0000,86.4000
2025-10-06 07:10,13.2000,86.6000
2025-10-06 07:05,13.4000,86.8000
2025-10-06 07:00,13.6000,87.0000
2025-10-06 06:55,13.8000,87.2000
2025-10-06 06:50,14.0000,87.4000
2025-10-06 06:45,14.2000,87.6000
2025-10-06 06:40,14.4000,87.8000
2025-10-06 06:35,14.6000,88.0000
2025-10-06 06:30,14.8000,88.2000
2025-10-06 06:25,15.0000,88.4000
2025-10-06 06:20,15.2000,88.6000
2025-10-06 06:15,15.4000,88.8000
2025-10-06 06:10,15.6000,89.0000
2025-10-06 06:05,15.8000,89.2000
2025-10-06 06:00,16.0000,89.4000
2025-10-06 05:55,16.2000,89.6000
2025-10-06 05:50,16.4000,89.8000
2025-10-06 05:45,16.6000,90.0000
2025-10-06 05:40,16.8000,90.2000
2025-10-06 05:35,17.0000,90.4000
2025-10-06 05:30,17.2000,90.6000
2025-10-06 05:25,17.4000,90.8000
2025-10-06 05:20,17.6000,91.0000
2025-10-06 05:15,17.8000,91.2000
2025-10-06 05:10,18.0000,91.4000
2025-10-06 05:05,18.2000,91.6000
2025-10-06 05:00,18.4000,91.8000
2025-10-06 04:55,18.6000,92.0000
2025-10-06 04:50,18.8000,92.2000
2025-10-06 04:45,19.0000,92.4000
2025-10-06 04:40,19.2000,92.6000
2025-10-06 04:35,19.4000,92.8000
2025-10-06 04:30,19.6000,93.0000
2025-10-06 04:25,19.8000,93.2000
2025-10-06 04:20,20.0000,93.4000
2025-10-06 04:15,20.2000,93.6000
2025-10-06 04:10,20.4000,93.8000
2025-10-06 04:05,20.6000,94.0000
2025-10-06 04:00,20.8000,94.2000
2025-10-03 19:55,21.0000,94.4000
2025-10-03 19:50,21.2000,94.6000
2025-10-03 19:45,21.4000,94.8000
2025-10-03 19:40,21.6000,95.0000
2025-10-03 19:35,21.8000,95.2000
2025-10-03 19:30,22.0000,95.4000
2025-10-03 19:25,22.2000,95.6000
2025-10-03 19:20,22.4000,95.8000
2025-10-03 19:15,22.6000,96.0000
2025-10-03 19:10,22.8000,96.2000
2025-10-03 19:05,23.0000,96.4000
2025-10-03 19:00,23.2000,96.6000
2025-10-03 18:55,23.4000,96.8000
2025-10-03 18:50,23.6000,97.0000
2025-10-03 18:45,23.8000,97.2000
2025-10-03 18:40,24.0000,97.4000
2025-10-03 18:35,24.2000,97.6000
2025-10-03 18:30,24.4000,97.8000
2025-10-03 18:25,24.6000,98.0000
2025-10-03 18:20,24.8000,98.2000
2025-10-03 18:15,25.0000,98.4000
2025-10-03 18:10,25.2000,98.6000
2025-10-03 18:05,25.4000,98.8000
2025-10-03 18:00,25.6000,99.0000
2025-10-03 17:55,25.8000,99.2000
2025-10-03 17:50,26.0000,99.4000
2025-10-03 17:45,26.2000,99.6000
2025-10-03 17:40,26.4000,99.8000
2025-10-03 17:35,26.6000,100.0000
2025-10-03 17:30,26.8000,99.6000
2025-10-03 17:25,27.0000,99.8000
2025-10-03 17:20,27.2000,100.0000
2025-10-03 17:15,27.4000,59.8000
2025-10-03 17:10,27.6000,60.0000
2025-10-03 17:05,27.8000,60.2000
2025-10-03 17:00,28.0000,60.4000
2025-10-03 16:55,28.2000,60.6000
2025-10-03 16:50,28.4000,60.8000
2025-10-03 16:45,28.6000,61.0000
2025-10-03 16:40,28.8000,61.2000
2025-10-03 16:35,29.0000,61.4000
2025-10-03 16:30,29.2000,61.6000
2025-10-03 16:25,29.4000,61.8000
2025-10-03 16:20,29.6000,62.0000
2025-10-03 16:15,29.8000,62.2000
2025-10-03 16:10,30.0000,62.4000
2025-10-03 16:05,30.2000,62.6000
2025-10-03 16:00,30.4000,62.8000
2025-10-03 15:55,30.6000,63.0000
2025-10-03 15:50,30.8000,63.2000
2025-10-03 15:45,31.0000,63.4000
2025-10-03 15:40,31.2000,63.6000
2025-10-03 15:35,31.4000,63.8000
2025-10-03 15:30,31.6000,64.0000
2025-10-03 15:25,31.8000,64.2000
2025-10-03 15:20,32.0000,64.4000
2025-10-03 15:15,32.2000,64.6000
2025-10-03 15:10,32.4000,64.8000
2025-10-03 15:05,32.6000,65.0000
2025-10-03 15:00,32.8000,65.2000
2025-10-03 14:55,33.0000,65.4000
2025-10-03 14:50,33.2000,65.6000
2025-10-03 14:45,33.4000,65.8000
2025-10-03 14:40,33.6000,66.0000
2025-10-03 14:35,33.8000,66.2000
2025-10-03 14:30,34.0000,66.4000
2025-10-03 14:25,34.2000,66.6000
2025-10-03 14:20,34.4000,66.8000
2025-10-03 14:15,34.6000,67.0000
2025-10-03 14:10,34.8000,67.2000
2025-10-03 14:05,35.0000,67.4000
2025-10-03 14:00,35.2000,67.6000
2025-10-03 13:55,35.4000,67.8000
2025-10-03 13:50,35.6000,68.0000
2025-10-03 13:45,35.8000,68.2000
2025-10-03 13:40,36.0000,68.4000
